date_accessed,source_name,title,url,reason,body_preview
2026-05-15 15:00,AHA,CMS releases details to download upcoming CAH payment patterns report,https://www.aha.org/news/headline/2026-05-14-cms-releases-details-download-upcoming-cah-payment-patterns-report,CMS releases details to download upcoming CAH payment patterns report; no disruption or breach reported.,"The Centers for Medicare & Medicaid Services has released details on downloading its upcoming fiscal year 2025 Program for Evaluating Payment Patterns Electronic Report, or PEPPER , for critical access hospitals. The report, set to release this month"
2026-05-15 15:00,AHA,CMS announces first 29 health care organizations to join electronic prior authorization initiative,https://www.aha.org/news/headline/2026-05-14-cms-announces-first-30-health-care-organizations-join-electronic-prior-authorization-initiative,CMS announces first 29 health care organizations to join electronic prior authorization initiative; no disruption reported.,"The Centers for Medicare & Medicaid Services May 13 announced 29 health care organizations have pledged early participation in its electronic prior authorization initiative. CMS said the organizations include health systems, electronic health record "
2026-05-15 15:00,AHA,"AMA survey shows physicians, patients continue to be heavily burdened by prior authorization",https://www.aha.org/news/headline/2026-05-14-ama-survey-shows-physicians-patients-continue-be-heavily-burdened-prior-authorization,"The American Medical Association survey shows physicians and patients continue to be burdened by the prior authorization process, but it does not describe a named healthcare entity or an operational disruption.","A majority of physicians say the prior authorization process continues to negatively impact patient outcomes and employee productivity, according to a survey released May 13 by the American Medical Association. Nearly a quarter of physicians (26%) re"
2026-05-15 15:00,AHA,"AHA Healthier Together Conference concludes with sessions on AI, person-centered care",https://www.aha.org/news/headline/2026-05-14-aha-healthier-together-conference-concludes-sessions-ai-person-centered-care,"This article describes a conference session on AI and person-centered care at the AHA Healthier Together Conference, but does not mention any disruptions or breaches at a named healthcare entity.","The AHA wrapped up its inaugural Healthier Together Conference in Dallas May 14 with a plenary session on how the application of artificial intelligence-driven tools and data insights is advancing community health. Speakers Jennifer Hall, Ph.D., chie"
2026-05-15 15:00,AHA,CMS announces 6-month enrollment moratorium on home health and hospice providers,https://www.aha.org/news/headline/2026-05-13-cms-announces-6-month-enrollment-moratorium-home-health-and-hospice-providers,"CMS announces 6-month enrollment moratorium on home health and hospice providers; no named healthcare entity is impacted, and the article does not describe a confirmed breach or operational disruption.","The Centers for Medicare & Medicaid Services today announced a six-month nationwide moratorium preventing enrollment of new home health agencies and hospice providers, effective immediately. CMS said that the moratorium is part of Vice President JD V"
2026-05-15 15:00,AHA,AHA letter to editor responds to op-ed claiming nonprofit hospitals do not meet community benefit obligations,https://www.aha.org/news/headline/2026-05-13-aha-letter-editor-responds-op-ed-claiming-nonprofit-hospitals-do-not-meet-community-benefit,"The letter responds to an op-ed claiming nonprofit hospitals do not meet community benefit obligations, but does not describe a confirmed cyberattack, breach, PHI exposure, drug shortage, device shortage, evacuation, or care stoppage at a named healthcare entity.",The Washington Post has published a letter to the editor by AHA President and CEO Rick Pollack responding to a May 4 op-ed accusing nonprofit hospitals of not fully meeting their community benefit requirements. The letter states: “In addition to the 
2026-05-15 15:00,AHA,Blog details why Anthem policy limits access to care,https://www.aha.org/news/headline/2026-05-13-blog-details-why-anthem-policy-limits-access-care,"Anthem's nonparticipating provider policy limits access to care and overreaches its enforcement, but does not describe a confirmed cyberattack, breach, PHI exposure, drug shortage, device shortage, evacuation, or care stoppage at a named healthcare entity.","A blog by Noah Isserman, AHA director of health insurance and coverage policy, explains why Anthem’s nonparticipating provider policy limits patients’ access to care and overreaches its enforcement. The blog also raises questions about Anthem’s motiv"
2026-05-15 15:00,AHA,"AHA urges Lilly to drop 340B claims-data policy, proposes neutral clearinghouse",https://www.aha.org/news/headline/2026-05-13-aha-urges-lilly-drop-340b-claims-data-policy-proposes-neutral-clearinghouse,"The AHA urges Lilly to drop its 340B claims-data policy, proposing a neutral clearinghouse instead.","The AHA today urged Eli Lilly to abandon its 340B Drug Pricing Program claims-data policy and work with the AHA to develop a functional third-party clearinghouse. “Lilly’s policy is unprecedented,” AHA President and CEO Rick Pollack wrote in a letter"
2026-05-15 15:00,AHA,AHA to mark 10th #HAVhope Friday in June,https://www.aha.org/news/headline/2026-05-13-aha-mark-10th-havhope-friday-june,"This article is about the AHA's #HAVhope National Day of Awareness, which marks 10 years of dedication to challenging violence in and around hospitals and health systems. There is no mention of a healthcare disruption or breach at a named entity.",Join the AHA June 5 to recognize the Hospitals Against Violence initiative’s #HAVhope National Day of Awareness. The date marks 10 years of dedication to challenging violence in and around hospitals and health systems. A new AHA flyer highlights ways
2026-05-15 15:00,AHA,Old Dominion singer highlights importance of supporting hospital workers with music during National Hospital Week,https://www.aha.org/news/headline/2026-05-13-old-dominion-singer-highlights-importance-supporting-hospital-workers-music-during-national-hospital,This article does not describe a confirmed healthcare disruption or breach at a named healthcare entity. It is about supporting hospital workers with music during National Hospital Week.,"In a video , Matthew Ramsey, lead singer of the country band Old Dominion, explains why it is as meaningful for the band to play their music in support of hospital staff and caregivers as it is for patients. It is the latest installment of the AHA’s "
2026-05-15 15:00,AHA,"Healthier Together Conference attendees explore best practices, real-world solutions to improve health outcomes for all",https://www.aha.org/news/headline/2026-05-13-healthier-together-conference-attendees-explore-best-practices-real-world-solutions-improve-health,"This article does not describe a confirmed healthcare disruption or breach at a named healthcare entity. It focuses on a conference with no mention of operational disruptions, cyberattacks, natural disasters, or supply shortages.","The convening of 600 leaders from hospitals, health systems, and community and public health organizations continued for a full-day schedule at the AHA Healthier Together Conference in Dallas. Attendees participated in pre-conference workshops, break"
2026-05-15 15:00,AHA,AHA Healthier Together Conference focuses on community-driven solutions,https://www.aha.org/news/headline/2026-05-12-aha-healthier-together-conference-focuses-community-driven-solutions,The article does not describe a confirmed healthcare disruption or breach at a named healthcare entity. It focuses on the AHA Healthier Together Conference and its goals.,"More than 600 people gathered May 12 in Dallas for the American Hospital Association’s inaugural Healthier Together Conference , which opened with remarks from Marc Boom, M.D., president and CEO of Houston Methodist and chair of the AHA Board of Trus"
2026-05-15 15:00,AHA,Webinar to provide overview of CMS FY 2027 IPPS proposed rule,https://www.aha.org/news/headline/2026-05-12-webinar-provide-overview-cms-fy-2027-ipps-proposed-rule,"This article describes a proposed rule change from the Centers for Medicare & Medicaid Services, but does not mention any disruptions or breaches at a named healthcare entity.","The AHA will host a webinar May 21 at 1 p.m. ET on key proposed changes to the fiscal year 2027 inpatient prospective payment system from the Centers for Medicare & Medicaid Services. The session, which will be tailored to professionals in medical co"
2026-05-15 15:00,AHA,HHS launches competition to support community care hubs working with health care providers,https://www.aha.org/news/headline/2026-05-12-hhs-launches-competition-support-community-care-hubs-working-health-care-providers,"The Department of Health and Human Services Administration for Community Living has launched a competition to support community care networks, but this is not a disruption or breach at a named healthcare entity.","The Department of Health and Human Services Administration for Community Living has launched the first phase of its Health at Home Challenge , a competition to support community care networks that have partnered with health care providers supporting "
2026-05-15 15:00,AHA,MACPAC calls for increased transparency on AI-supported prior authorization,https://www.aha.org/news/headline/2026-05-12-macpac-calls-increased-transparency-ai-supported-prior-authorization,"The article discusses recommendations from the MACPAC for increased transparency on AI-supported prior authorization, but does not describe a confirmed cyberattack, breach, or operational disruption at a named healthcare entity.",The Medicaid and CHIP Payment and Access Commission approved recommendations it will issue to Congress in its June report on oversight and increased transparency of artificial intelligence usage for prior authorization. The commission recommended tha
2026-05-15 15:00,AHA,CDC issues advisory on hantavirus cluster linked to cruise ship,https://www.aha.org/news/headline/2026-05-11-cdc-issues-advisory-hantavirus-cluster-linked-cruise-ship,"The Centers for Disease Control and Prevention has issued an advisory on a hantavirus cluster linked to a cruise ship, but the risk of broad spread to the U.S. is currently extremely unlikely.","The Centers for Disease Control and Prevention released a Health Alert Network Health Advisory May 8 notifying clinicians and health departments of the potential for imported cases of hantavirus disease, but said the risk of broad spread to the U.S. "
2026-05-15 15:00,AHA,Five programs honored with 2026 AHA Dick Davidson NOVA Award,https://www.aha.org/news/headline/2026-05-11-five-programs-honored-2026-aha-dick-davidson-nova-award,"The article describes award-winning programs for improving community health, but does not mention any disruptions or breaches at named healthcare entities.","The AHA May 11 announced five winners of the 2026 Dick Davidson NOVA Award for their efforts in improving community health. The programs are the Juvenile Justice Collaborative, Ann and Robert H. Lurie Children’s Hospital of Chicago; Pediatric Access "
2026-05-15 15:00,AHA,Musicians send thank-you to caregivers during National Hospital Week,https://www.aha.org/news/headline/2026-05-11-musicians-send-thank-you-caregivers-during-national-hospital-week,The article does not describe a confirmed healthcare disruption or breach at a named healthcare entity.,"In honor of National Hospital Week , the AHA is again teaming up with Musicians On Call to send messages of support from singers and songwriters to hospital and health system workers and leaders around the country. In this week’s first installment , "
2026-05-15 15:00,AHA,AHA podcast: Healing Trauma From Violence,https://www.aha.org/news/headline/2026-05-11-aha-podcast-healing-trauma-violence,This article does not describe a confirmed healthcare disruption or breach at a named healthcare entity.,"Elinore Kaufman, M.D., medical director of the Penn Trauma Violence Recovery Program, and Michele Volpe, chief operating officer of the University of Pennsylvania Health System, share how hospital-based violence intervention programs are helping pati"
2026-05-15 15:00,AHA,"Chair File: Hospitals Integrate Behavioral Health Care, Provide Hope and Healing",https://www.aha.org/news/chairpersons-file/2026-05-11-chair-file-hospitals-integrate-behavioral-health-care-provide-hope-and-healing,This article does not describe a confirmed healthcare disruption or breach at a named healthcare entity.,"Behavioral health is a crucial component of overall health and well-being, and we see the need and demand for behavioral health care services increasing for people of all ages. The AHA joins the health care field “to elevate a conversation” about beh"
2026-05-15 15:01,AHA,FDA issues most serious recall for certain pacemaker devices by Boston Scientific,https://www.aha.org/news/headline/2026-05-08-fda-issues-most-serious-recall-certain-pacemaker-devices-boston-scientific,Boston Scientific ACCOLADE pacemakers have a Class I recall correction due to a software-related battery issue that could cause serious injury or death if not updated.,The Food and Drug Administration has issued a Class I recall correction for certain Boston Scientific ACCOLADE pacemakers and cardiac resynchronization therapy pacemakers after identifying a software-related battery issue that could cause affected de
2026-05-15 15:01,AHA,Utah measles outbreak climbs to 638 cases,https://www.aha.org/news/headline/2026-05-08-utah-measles-outbreak-climbs-638-cases,"The Utah measles outbreak has grown to 638 cases as of May 5, with 441 reported this year, but the article does not describe a named facility diverting ambulances, cancelling surgeries, or turning patients away, operating on downtime, suspending services, evacuating due to a physical event, being cut off from operations by a workforce strike, power outage, or other concrete event. The vaccination status of 92% of cases is unvaccinated or unknown, but this does not constitute an operational disruption.","The measles outbreak in Utah that began in June 2025 has grown to 638 cases as of May 5, according to the state’s Department of Health and Human Services . Of those, 441 have been reported this year. Nationally, there have been 1,842 confirmed measle"
2026-05-15 15:01,AHA,AHA Chair authors column in USA Today insert on advancing patient safety,https://www.aha.org/news/headline/2026-05-08-aha-chair-authors-column-usa-today-insert-advancing-patient-safety,"The article does not describe a confirmed cyberattack, breach, PHI exposure, drug shortage, device shortage, evacuation, or care stoppage at a named healthcare entity. It is about advancing patient safety and innovation in the healthcare industry.","USA Today published a column by AHA Board Chair Marc Boom, M.D., president and CEO of Houston Methodist, highlighting how hospitals and health systems continue to raise the bar and embrace innovation to advance patient safety. “Many of us entered hea"
2026-05-15 15:01,AHA,AHA pushes back on Families USA report,https://www.aha.org/news/headline/2026-05-08-aha-pushes-back-families-usa-report,"The AHA rejects Families USA's report, stating it relies on flawed data and ignores real pressures hospitals face, but does not describe a confirmed cyberattack, breach, or operational disruption at a named healthcare entity.","The AHA shared the following statement with the media in response to a report released May 7 by Families USA. “This report is long on rhetoric and short on reality. Hospitals and health systems are the backbone of care in every community, open 24/7 f"
2026-05-15 15:01,AHA,Microsoft warns of sophisticated phishing campaign heavily targeting health care organizations,https://www.aha.org/news/headline/2026-05-08-microsoft-warns-sophisticated-phishing-campaign-heavily-targeting-health-care-organizations,"Microsoft is warning of a sophisticated phishing campaign targeting healthcare organizations, with over 35,000 users across 13,000 organizations affected.","Microsoft Threat Intelligence is warning of a large scale, multistage phishing campaign that disproportionately targeted the health care sector, sending “code of conduct” themed emails to lure users into credential theft and token compromise. Accordi"
2026-05-15 15:01,AHA,National Hospital Week: Always Here for Our Patients and Communities,https://www.aha.org/news/perspective/2026-05-08-national-hospital-week-always-here-our-patients-and-communities,National Hospital Week: Always Here for Our Patients and Communities does not describe a confirmed healthcare disruption or breach at a named healthcare entity.,"When National Hospital Week kicks off on Sunday, we celebrate something that is truly special and unique in our society: Hospitals and health systems that are always there. No matter the hour or the challenge, the women and men of America’s hospitals"
2026-05-15 15:01,AHA,"Interim final rule extends HHS deadlines for Section 504 web, app nondiscrimination requirements",https://www.aha.org/news/headline/2026-05-07-interim-final-rule-extends-hhs-deadlines-section-504-web-app-nondiscrimination-requirements,The article discusses a regulatory change and does not describe a confirmed healthcare disruption or breach at a named entity.,The Department of Health and Human Services published an interim final rule May 7 to delay compliance dates for entities receiving federal financial assistance to comply with certain requirements under Section 504 of the Rehabilitation Act. Specifica
2026-05-15 15:01,AHA,AHA expresses support for comprehensive bill on Medicare Advantage reform,https://www.aha.org/news/headline/2026-05-07-aha-expresses-support-comprehensive-bill-ma-reform,"The AHA supports comprehensive bill on Medicare Advantage reform, but does not describe a confirmed cyberattack, breach, PHI exposure, drug shortage, device shortage, evacuation, or care stoppage at a named healthcare entity.","The AHA May 7 wrote to House and Senate lawmakers in support of the Medicare Advantage Improvement Act ( H.R. 8375 /S. 4384 ), bipartisan and bicameral legislation that offers comprehensive reforms to address harmful MA plan practices that reduce acc"
2026-05-15 15:01,AHA,CMS to provide Medicare Part D beneficiaries with $50 monthly access to certain GLP-1 medications,https://www.aha.org/news/headline/2026-05-07-cms-provide-medicare-part-d-beneficiaries-50-monthly-access-certain-glp-1-medications,"CMS will provide Medicare Part D beneficiaries with $50 monthly access to certain GLP-1 medications starting July 1 this year through Dec. 31, 2027.","The Centers for Medicare & Medicaid Services announced May 6 that it will provide access to certain glucagon-like peptide-1 (GLP-1) medications to eligible Medicare Part D beneficiaries for $50 per month beginning July 1 this year through Dec. 31, 20"
2026-05-15 15:01,AHA,AHA releases additional National Hospital Week resources; National Nurses Week begins,https://www.aha.org/news/headline/2026-05-07-aha-releases-additional-national-hospital-week-resources-national-nurses-week-begins,"The AHA has released new resources in celebration of National Hospital Week, which is May 10-16, but there is no mention of any disruptions or breaches at named healthcare entities.","The AHA has released new resources in celebration of National Hospital Week, which is May 10-16. A national hospital impact infographic features statistics demonstrating the benefits hospitals and health systems provide for their communities and the "
2026-05-15 15:01,AHA,"FDA announces shortage of products used for neurosurgery, microsurgery expected to continue remainder of 2026",https://www.aha.org/news/headline/2026-05-07-fda-announces-shortage-products-used-neurosurgery-microsurgery-expected-continue-remainder-2026,"FDA announces shortage of neurosurgical patties, sponges and strip devices across the U.S. due to supplier issues, impacting patient care.","The Food and Drug Administration announced May 6 that it is aware of a shortage of neurosurgical patties, sponges and strip devices across the U.S. due to supplier issues, and expects the issue to continue through the end of the year. The agency said"
2026-05-15 15:01,AHA,White House announces National Drug Control Strategy,https://www.aha.org/news/headline/2026-05-06-white-house-announces-national-drug-control-strategy,The White House National Drug Control Strategy does not describe an actual operational disruption at a named healthcare entity.,"The White House May 4 released its National Drug Control Strategy , which, among other efforts , recommends effective primary prevention programs. The initiative increases the implementation of evidence-based prevention strategies; establishes new pa"
2026-05-15 15:01,AHA,CMS announces electronic prior authorization initiative,https://www.aha.org/news/headline/2026-05-06-cms-announces-electronic-prior-authorization-initiative,"CMS announces electronic prior authorization initiative; no disruption reported, but new rules for payers.","The Centers for Medicare & Medicaid Services May 5 announced a new electronic prior authorization initiative as part of its Health Technology Ecosystem. CMS Administrator Mehmet Oz, M.D., said that working groups across pledge categories will align o"
2026-05-15 15:01,AHA,AHA blog pushes back on NYT op-ed,https://www.aha.org/news/headline/2026-05-06-aha-blog-pushes-back-nyt-op-ed,AHA blog pushes back on NYT op-ed; NO; no confirmed healthcare disruption or breach at a named entity.,"An AHA blog says an essay published in The New York Times wrongly frames hospitals as the leading “culprit” behind rising health care costs. “It reduces a complex health care system and a much-needed conversation on affordability to a caricature,” th"
2026-05-15 15:01,AHA,CISA announces initiative to bolster critical infrastructure against nation-state cyberattacks,https://www.aha.org/news/headline/2026-05-06-cisa-announces-initiative-bolster-critical-infrastructure-against-nation-state-cyberattacks,CISA announces initiative to bolster critical infrastructure against nation-state cyberattacks; no confirmed breach or disruption reported.,"The Cybersecurity and Infrastructure Security Agency has launched a new initiative for critical infrastructure to defend against cyberattacks through proactive isolation and recovery planning. The initiative, called “CI Fortify,” seeks to ensure that"
2026-05-15 15:01,AHA,AHA podcast: When Partnerships Bring Care Closer to Kids,https://www.aha.org/news/headline/2026-05-06-aha-podcast-when-partnerships-bring-care-closer-kids,This article does not describe a confirmed healthcare disruption or breach at a named healthcare entity.,"For families living in poverty, accessing health care can feel out of reach — buried beneath challenges like transportation, childcare and job insecurity. In this conversation, Alejandro Quiroga, M.D., president and CEO of Children’s Mercy Kansas Cit"
2026-05-15 15:01,AHA,"AHA comments on proposed changes to Medicare Advantage, Part D data reporting requirements",https://www.aha.org/news/headline/2026-05-05-aha-comments-proposed-changes-medicare-advantage-part-d-data-reporting-requirements,"The article does not describe a confirmed cyberattack, breach, PHI exposure, drug shortage, device shortage, evacuation, or care stoppage at a named healthcare entity. The AHA comments on proposed changes to Medicare Advantage and Part D data reporting requirements without mentioning any operational disruptions.",The AHA today submitted comments on the Centers for Medicare & Medicaid Services’ proposed revisions to Medicare Advantage and Part D reporting requirements for contract year 2027. The new requirements clarify the definition of certain contracts and 
2026-05-15 15:01,AHA,HHS announces action plan on psychiatric ‘overprescribing’,https://www.aha.org/news/headline/2026-05-05-hhs-announces-action-plan-psychiatric-overprescribing,HHS announces action plan on psychiatric prescribing; no disruption reported.,"The Department of Health and Human Services yesterday announced an action plan on psychiatric prescribing, including efforts to initiate deprescribing based on clinical indicators, “especially among children.” HHS said its agencies will evaluate pres"
2026-05-15 15:02,AHA,AHA tactical brief available on integrated behavioral health,https://www.aha.org/news/headline/2026-05-05-aha-tactical-brief-available-integrated-behavioral-health,This article does not describe a confirmed healthcare disruption or breach at a named healthcare entity.,"A new tactical brief explores how integrating behavioral and physical health care helps in treating the whole patient. The brief focuses on key components of integrating behavioral health care such as co-location, team-based care, patient-centered ca"
2026-05-15 15:02,AHA,AHA podcast: Reducing Stigma in Substance Use Disorder Care,https://www.aha.org/news/headline/2026-05-04-aha-podcast-reducing-stigma-substance-use-disorder-care,This article does not describe a confirmed healthcare disruption or breach at a named healthcare entity.,"In this conversation, three leaders from CommonSpirit Health explore how the organization is confronting stigma about substance use head-on through education, storytelling and culture change. They also reveal how shifting language, training and grass"
2026-05-15 15:02,AHA,"Webinar to explore AI use in cybersecurity, health care technology",https://www.aha.org/news/headline/2026-05-04-webinar-explore-ai-use-cybersecurity-health-care-technology,"This article is about a webinar to explore AI use in cybersecurity and healthcare technology, with no mention of a named healthcare entity or operational disruption.","John Riggi, AHA national advisor for cybersecurity and risk, will moderate a webinar May 5 at 1 p.m. ET that will explore how bad actors are leveraging artificial intelligence, emerging risks to watch for, and best practices for responsible AI adopti"
2026-05-15 15:02,AHA,"AHA, Joint Commission announce cybersecurity readiness effort",https://www.aha.org/news/headline/2026-05-04-aha-joint-commission-announce-cybersecurity-readiness-effort,"The AHA and Joint Commission are launching a voluntary program to help hospitals assess their cybersecurity readiness, but no named healthcare entity is currently experiencing a disruption or breach.","The AHA and Joint Commission May 4 announced the launch of the Cyber Resilience Readiness program, an initiative to help hospitals and health systems assess and strengthen their ability to sustain clinical continuity — i.e., safe and quality clinical"
2026-05-15 15:02,AHA,South Carolina measles outbreak declared over; Utah reaches 625 cases,https://www.aha.org/news/headline/2026-05-01-south-carolina-measles-outbreak-declared-over-utah-reaches-625-cases,"The article reports on a measles outbreak in Utah with 625 cases as of April 28, but does not describe a named healthcare entity experiencing a care stoppage or disruption.","A measles outbreak that reached 997 cases in South Carolina has been declared over , as the 42-day threshold with no new reported cases was reached April 26. The outbreak began in October 2025. The state’s Department of Public Health noted sharp incr"
2026-05-15 15:02,AHA,Agencies issue guidance on adopting agentic AI systems,https://www.aha.org/news/headline/2026-05-01-agencies-issue-guidance-adopting-agentic-ai-systems,This article discusses guidance on adopting agentic AI systems without mentioning any named healthcare entity or operational disruption.,"The Cybersecurity and Infrastructure Security Agency, National Security Agency and international partners have released guidance on adopting agentic artificial intelligence systems. The guidance primarily focuses on large language model-based agentic"
2026-05-15 15:02,AHA,HRSA to award grants from two areas of rural opioid response program,https://www.aha.org/news/headline/2026-05-01-hrsa-award-grants-two-areas-rural-opioid-response-program,"HRSA is awarding grants to rural hospitals and other providers from two areas of its Rural Communities Opioid Response Program, but this does not indicate a disruption in care.","The Health Resources and Services Administration will award grants to rural hospitals and other providers from two areas of its Rural Communities Opioid Response Program. HRSA has $4 million to fund up to 40 grants through its RCORP-Planning program,"
2026-05-15 15:02,AHA,CMS launches clinical laboratory fee schedule reporting module for data collection,https://www.aha.org/news/headline/2026-05-01-cms-launches-clinical-laboratory-fee-schedule-reporting-module-data-collection,CMS launches clinical laboratory fee schedule reporting module for data collection; no disruption reported.,The Centers for Medicare & Medicaid Services has begun collecting private payor rate data through its Fee-for-Service Data Collection System Clinical Lab Fee Schedule Module. CMS has created a guide for hospital outreach laboratories to determine the
2026-05-15 15:02,AHA,Registration opens for virtual CMS event on interoperability,https://www.aha.org/news/headline/2026-05-01-registration-opens-virtual-cms-event-interoperability,Registration opens for virtual CMS event on interoperability; no disruption or breach reported.,The Centers for Medicare & Medicaid Services has opened registration for its seventh annual CMS & Health Level Seven International Fast Healthcare Interoperability Resources Connectathon from July 14-16. The free virtual event will involve health car
2026-05-15 15:03,AHA,Behavioral Health Is Health Care,https://www.aha.org/news/perspective/2026-05-01-behavioral-health-health-care,"The article discusses the growing demand for behavioral health services at hospitals and health systems, but does not describe a specific disruption or breach.","May is Mental Health Awareness Month , a time to elevate a conversation that hospitals and health systems live every day. Behavioral health is inseparable from physical health, family stability and economic well-being. It affects every community, eve"
2026-05-15 15:03,AHA,"House adopts Senate-passed budget resolution, marking next step toward narrow reconciliation bill",https://www.aha.org/news/headline/2026-04-30-house-adopts-senate-passed-budget-resolution-marking-next-step-toward-narrow-reconciliation-bill,"The House passed a Senate-approved budget resolution, but there is no mention of a confirmed cyberattack, breach, or operational disruption at a named healthcare entity.","The House April 29 passed a Senate-approved budget resolution by a 215-211 vote . Now that the House and Senate have passed identical resolutions, legislators will begin drafting a narrow reconciliation bill to address additional funding for immigrat"
2026-05-15 15:03,AHA,DOE issues final rule on updated definition of ‘professional student’,https://www.aha.org/news/headline/2026-04-30-doe-issues-final-rule-updated-definition-professional-student,"The Department of Education's final rule does not describe a confirmed cyberattack, breach, PHI exposure, drug shortage, device shortage, evacuation, or care stoppage at a named healthcare entity. The article discusses changes to federal student loan amounts and the impact on health professionals, but it does not meet the criteria for an operational disruption.",The Department of Education April 30 released a final rule that defines the terms “professional student” and “graduate student” to determine federal student loan amounts based on the type of program in which a student is enrolled. The rule defines “p
2026-05-15 15:03,AHA,President names Nicole Saphier as new surgeon general nominee,https://www.aha.org/news/headline/2026-04-30-president-names-nicole-saphier-new-surgeon-general-nominee,"President Trump April 30 announced that Nicole Saphier, M.D., has been nominated to be the next U.S. surgeon general; no disruption reported.","President Trump April 30 announced that Nicole Saphier, M.D., has been nominated to be the next U.S. surgeon general. Saphier is a radiologist and director of breast imaging at Memorial Sloan Kettering Monmouth in Middletown, N.J."
2026-05-15 15:03,AHA,Senators introduce AHA-supported bill granting extension of Medicare payment model for rural hospitals,https://www.aha.org/news/headline/2026-04-30-senators-introduce-aha-supported-bill-granting-extension-medicare-payment-model-rural-hospitals,"This article does not describe a confirmed cyberattack, breach, PHI exposure, drug shortage, device shortage, evacuation, or care stoppage at a named healthcare entity. The legislation introduced by Senators Grassley and Bennet is related to rural hospitals and Medicare payment models, but it does not indicate any operational disruption.","Sens. Chuck Grassley, R-Iowa, and Michael Bennet, D-Colo., April 30 introduced the Rural Community Hospital Demonstration Reauthorization Act , legislation that would grant a five-year extension to a Medicare payment model for rural hospitals. The mo"
2026-05-15 15:03,AHA,Agencies release joint guide on zero trust adoption in operational technology,https://www.aha.org/news/headline/2026-04-30-agencies-release-joint-guide-zero-trust-adoption-operational-technology,"This article discusses a joint guide on zero trust adoption in operational technology, but does not describe a confirmed healthcare disruption or breach at a named entity.",The Cybersecurity and Infrastructure Security Agency and other federal agencies released a joint guide yesterday for organizations to apply zero trust principles to operational technology systems. Zero trust is a cybersecurity strategy that is guided
2026-05-15 15:03,AHA,AHA and West Health launch national accelerator to scale technology-enabled patient care solutions,https://www.aha.org/news/headline/2026-04-29-aha-and-west-health-launch-national-accelerator-scale-technology-enabled-patient-care-solutions,"This article describes a new initiative to help hospitals and health systems operationalize and scale technology-enabled patient care solutions, but it does not report on any disruptions or breaches at named healthcare entities.",The AHA and the West Health Institute April 29 announced a new three-year initiative to help hospitals and health systems operationalize and scale proven technologies across care environments to improve patient outcomes and support care teams. The We
2026-05-15 15:03,AHA,Lawmakers urged by AHA to support key health initiatives in FY 2027 appropriations bill,https://www.aha.org/news/headline/2026-04-29-lawmakers-urged-aha-support-key-health-initiatives-fy-2027-appropriations-bill,"The article does not describe a confirmed cyberattack, breach, PHI exposure, drug shortage, device shortage, evacuation, or care stoppage at a named healthcare entity. It discusses funding requests for health initiatives without mentioning any operational disruptions.","The AHA April 29 urged House and Senate appropriations committee leaders to fund health care programs that have been successful in improving access to care for patients and communities nationwide, as the committee begins drafting the fiscal year 2027"
2026-05-15 15:03,AHA,AHRQ seeks nominees to serve on U.S. Preventive Services Task Force,https://www.aha.org/news/headline/2026-04-29-ahrq-seeks-nominees-serve-us-preventive-services-task-force,"The article describes a request for nominations for candidates to serve on the U.S. Preventive Services Task Force, but does not mention any disruptions or breaches at a named healthcare entity.","The Agency for Healthcare Research and Quality has issued a request for nominations for candidates to serve on the U.S. Preventive Services Task Force. While all nominees will be considered, AHRQ said it encourages nominations of physician specialist"
2026-05-15 15:03,AHA,FDA confirms safety of U.S. infant formula supply,https://www.aha.org/news/headline/2026-04-29-fda-confirms-safety-us-infant-formula-supply,FDA confirms safety of U.S. infant formula supply; no disruptions reported.,"The Food and Drug Administration April 29 announced results from its testing of more than 300 infant formulas, finding that the majority of samples had undetectable or very low levels of contaminants, deeming the U.S. supply to be safe. The FDA teste"
2026-05-15 15:03,AHA,AHA podcast highlights menopause care and need to close gaps in medical training,https://www.aha.org/news/headline/2026-04-29-aha-podcast-highlights-menopause-care-and-need-close-gaps-medical-training,This article does not describe a confirmed healthcare disruption or breach at a named healthcare entity.,"In this conversation, University of Illinois Chicago’s Pauline Maki, Ph.D., professor of psychiatry, psychology, and obstetrics and gynecology, and Makeba Williams, M.D., professor in the Department of Obstetrics and Gynecology, unpack why menopause "
2026-05-15 15:03,AHA,Applications now open for the AHA Rural Hospital Excellence in Innovation Award,https://www.aha.org/news/headline/2026-04-28-applications-now-open-aha-rural-hospital-excellence-innovation-award,"Applications are now open for the AHA Rural Hospital Excellence in Innovation Award, which recognizes and shares the accomplishments of rural hospitals that demonstrate responsiveness, innovation and excellence in developing, implementing and sustaining programs and services.","Applications are now open for the AHA Rural Hospital Excellence in Innovation Award, which recognizes and shares the accomplishments of rural hospitals that demonstrate responsiveness, innovation and excellence in developing, implementing and sustain"
2026-05-15 15:03,AHA,"FDA announces real-time clinical trials, request for information",https://www.aha.org/news/headline/2026-04-28-fda-announces-real-time-clinical-trials-request-information,"The FDA announced a plan to advance real-time clinical trials, but this is not an operational disruption.","The Food and Drug Administration April 28 announced its plan to advance the implementation of real-time clinical trials, which invite participants to supply reports and data to the agency during the approved clinical trials rather than at completion."
2026-05-15 15:04,AHA,AHA urges Congress to advance policies that lower costs without reducing access,https://www.aha.org/news/headline/2026-04-28-aha-urges-congress-advance-policies-lower-costs-without-reducing-access,"The AHA statement does not describe a confirmed cyberattack, breach, PHI exposure, drug shortage, device shortage, evacuation, or care stoppage at a named healthcare entity. The article discusses policy recommendations and hospital efforts to improve affordability without reducing access.","The AHA submitted a statement for the record to the House Ways and Means Committee for its April 28 hearing with health system CEOs. In the statement, the AHA outlined steps to improve health care affordability while warning against policies that cou"
2026-05-15 15:04,AHA,"FDA identifies recall of catheter kits, Early Alert for sterile labels",https://www.aha.org/news/headline/2026-04-27-fda-identifies-recall-catheter-kits-early-alert-sterile-labels,"FDA identifies recall of catheter kits and Early Alert for Omnicell i.v.STATION sterile labels, indicating a design defect in medical devices that may impact patient care.",The Food and Drug Administration has identified a nationwide recall. Arrow International is recommending dialysis catheter kits containing Merit Medical 16F Dual-Valved Splittable Sheath Introducers be taken out of use due to a design defect where th
2026-05-15 15:04,AHA,Blog: (Re)Designing Care Delivery and Operating Models for the Future at the AHA Leadership Summit,https://www.aha.org/news/headline/2026-04-27-blog-redesigning-care-delivery-and-operating-models-future-aha-leadership-summit,This article does not describe a confirmed healthcare disruption or breach at a named healthcare entity.,"The AHA Leadership Summit will be held July 12-14 in Denver. AHA Executive Vice President Michelle Hood previews the conference, which is designed to equip health care executives with solutions to meet the challenges of the moment. READ MORE"
2026-05-15 15:04,AHA,AHA urges HRSA to act as Eli Lilly threatens 340B discounts over claims data submission policy,https://www.aha.org/news/headline/2026-04-27-aha-urges-hrsa-act-eli-lilly-threatens-340b-discounts-over-claims-data-submission-policy,"The AHA urges HRSA to take action as Eli Lilly threatens 340B discounts over claims data submission policy. The AHA is concerned about the operational and financial strain caused by these policies, but there is no mention of a confirmed breach or disruption at a named healthcare entity.",The AHA again is asking the Health Resources and Services Administration to take action after Eli Lilly warned hospitals that they could lose access to discounted drug prices unless they comply with new data submission requirements. The AHA said Eli 
2026-05-15 15:04,AHA,Chair File: Leadership Dialogue — The Role of Advocacy in Advancing Health Care with AHA Executive Vice President Stacey Hughes,https://www.aha.org/news/chairpersons-file/2026-04-27-chair-file-leadership-dialogue-role-advocacy-advancing-health-care-aha-executive-vice,No impact detected,"We’re at a watershed moment in health care, which gives us opportunities to strengthen how we serve patients and communities. Health care leaders must help find solutions and advocate for the people who depend on us. In this episode, I am joined by S"
2026-05-15 15:04,AHA,Utah measles outbreak reaches more than 600 cases,https://www.aha.org/news/headline/2026-04-24-utah-measles-outbreak-reaches-more-600-cases,"The Utah measles outbreak has increased to 607 cases, the state’s Department of Health and Human Services reported April 24, indicating a confirmed health issue at a named healthcare entity (health department) with no operational disruption described.","The Utah measles outbreak has increased to 607 cases, the state’s Department of Health and Human Services reported April 24. Nationwide, there have been 1,792 confirmed measles cases so far in 2026, according to the latest data from the Centers for D"
2026-05-15 15:04,AHA,White House announces MFN agreement with drug manufacturer Regeneron,https://www.aha.org/news/headline/2026-04-24-white-house-announces-mfn-agreement-drug-manufacturer-regeneron,"The White House announced an MFN agreement with drug manufacturer Regeneron, ensuring its prices are in line with the lowest prices paid by other developed nations.","The administration Apri 23 reached a most-favored-nation drug pricing agreement with Regeneron, the maker of the popular cholesterol medicine Praluent. This is the 17th such agreement by a drug manufacturer with the Trump administration, and it ensur"
2026-05-15 15:04,AHA,FDA fast-tracks the development of psychedelic medications following president’s executive order,https://www.aha.org/news/headline/2026-04-24-fda-fast-tracks-development-psychedelic-medications-following-presidents-executive-order,"The FDA is accelerating regulatory action on psychedelic medications, but this does not describe a confirmed healthcare disruption or breach at a named entity.","The Food and Drug Administration today announced it is accelerating regulatory action on a new class of psychedelic-based therapies, following an April 18 executive order calling to speed up access to treatments for serious mental illness. The agency"
2026-05-15 15:04,AHA,AHA urges delay on TEFCA individual access SOP over patient privacy concerns,https://www.aha.org/news/headline/2026-04-24-aha-urges-delay-tefca-individual-access-sop-over-patient-privacy-concerns,"The AHA urges delay on TEFCA individual access SOP over patient privacy concerns, citing potential risks of unauthorized disclosures, data breaches, and misidentification errors.",The AHA April 24 urged the Sequoia Project to delay implementation of the Trusted Exchange Framework and Common Agreement Individual Access Services Exchange Purpose Standard Operating Procedures version 3.0 until key legal and regulatory issues are 
2026-05-15 15:04,AHA,Advisory details shifting tactics of Chinese cyber actors using covert networks for malicious activity,https://www.aha.org/news/headline/2026-04-24-advisory-details-shifting-tactics-chinese-cyber-actors-using-covert-networks-malicious-activity,"The article warns of Chinese cyber actors using covert networks for malicious activity against hospitals and health systems, but does not describe an actual confirmed breach or disruption at a named healthcare entity.","A joint advisory released April 23 from U.S. and international cybersecurity agencies, including the Cybersecurity and Infrastructure Security Agency, FBI, National Security Agency and other global partners, warns that China-nexus cyber actors have s"
2026-05-15 15:04,AHA,Hospitals Are Leading the Way to a Healthier America,https://www.aha.org/news/perspective/2026-04-24-hospitals-are-leading-way-healthier-america,This article does not describe a confirmed healthcare disruption or breach at a named healthcare entity.,"This week, more than 1,000 hospital and health system leaders came to Washington, D.C., united by a shared responsibility: to ensure every community has access to high‑quality, affordable care — today and in the years ahead. Uniting Leaders to Streng"
2026-05-15 15:04,AHA,"CMS, FDA announce pathway to expedite access to certain medical devices for Medicare beneficiaries",https://www.aha.org/news/headline/2026-04-23-cms-fda-announce-pathway-expedite-access-certain-medical-devices-medicare-beneficiaries,"CMS and FDA announce new pathway for expedited access to certain medical devices for Medicare beneficiaries, but no named healthcare entity is affected or impacted.",The Centers for Medicare & Medicaid Services and the Food and Drug Administration April 23 announced a new pathway to expedite access to certain FDA-designated Class II and Class III devices for Medicare beneficiaries. The Regulatory Alignment for Pr
2026-05-15 15:04,AHA,AHA blog highlights how Paragon report gets hospitals wrong,https://www.aha.org/news/headline/2026-04-23-aha-blog-highlights-how-paragon-report-gets-hospitals-wrong,"The article rejects Paragon Health Institute's report on hospitals, stating it relies on distorted arguments without a confirmed breach or operational disruption at a named healthcare entity.",The AHA April 23 released a blog responding to a report issued April 22 by Paragon Health Institute. The blog highlights how the report relies on a long list of distorted and debunked arguments. “Many of their recommendations would lead to reduced or
2026-05-15 15:04,AHA,"Senate adopts budget resolution, sets up path for narrow reconciliation bill",https://www.aha.org/news/headline/2026-04-23-senate-adopts-budget-resolution-sets-path-narrow-reconciliation-bill,"The Senate adopted a budget resolution, but there is no mention of a named healthcare entity or an operational disruption.","The Senate April 23 adopted a budget resolution by a 50-48 vote , paving the way for a narrow reconciliation bill focused on immigration enforcement funding. Congressional Republicans are seeking to use the reconciliation process primarily to end the"
2026-05-15 15:04,AHA,HHS Secretary testifies in additional Senate hearings on FY 2027 HHS budget request,https://www.aha.org/news/headline/2026-04-22-hhs-secretary-testifies-additional-senate-hearings-fy-2027-hhs-budget-request,"NO, because the article does not describe a confirmed breach or disruption at a named healthcare entity.","Secretary of Health and Human Services Robert F. Kennedy Jr. testified in additional Senate hearings April 22 on the fiscal year 2027 HHS budget proposal, which requests $111.1 billion. He appeared before the Senate Finance Committee in the morning, "
2026-05-15 15:04,AHA,CMS delays Part D portion of BALANCE Model on expansion of GLP-1 access,https://www.aha.org/news/headline/2026-04-22-cms-delays-part-d-portion-balance-model-expansion-glp-1-access,"CMS delays Part D portion of BALANCE Model on expansion of GLP-1 access, but no disruption reported.","The Centers for Medicare & Medicaid Services announced in a memo April 21that it is delaying implementation of the Medicare Part D portion of the Better Approaches to Lifestyle and Nutrition for Comprehensive hEalth Model, or BALANCE , for 2027 pendi"
2026-05-15 15:04,AHA,"DOJ updates Title II web, app nondiscrimination rule timelines for state and local governments; HHS Section 504 rules remain unchanged",https://www.aha.org/news/headline/2026-04-22-doj-updates-title-ii-web-app-nondiscrimination-rule-timelines-state-and-local-governments-hhs-section,"The article does not describe a confirmed cyberattack, breach, PHI exposure, drug shortage, device shortage, evacuation, or care stoppage at a named healthcare entity. The DOJ rule updates compliance deadlines for state and local governments under the Americans with Disabilities Act, but it does not affect HHS Section 504 rules.","As published April 20, the Department of Justice released an interim final rule in the Federal Register to delay compliance dates for states and local governments to comply with certain Title II regulatory requirements under the Americans with Disabi"
2026-05-15 15:05,AHA,Washington Post publishes AHA letter in response to anti-340B editorial,https://www.aha.org/news/headline/2026-04-22-washington-post-publishes-aha-letter-response-anti-340b-editorial,"The Washington Post published a letter to the editor from AHA President and CEO Rick Pollack responding to an anti-340B editorial, but there is no mention of a healthcare disruption or breach.","The Washington Post yesterday published a letter to the editor from AHA President and CEO Rick Pollack responding to an April 18 editorial criticizing the 340B Drug Pricing Program. The letter states: “There are many commonsense, bipartisan ways to r"
2026-05-15 15:05,AHA,AHA releases Q1 2026 Health Care Plan Accountability Update,https://www.aha.org/news/headline/2026-04-22-aha-releases-q1-2026-health-care-plan-accountability-update,"The article describes the release of a report by the AHA, which covers updates on Medicare Advantage and legislation affecting private health insurers, without any mention of a named healthcare entity experiencing a disruption or breach.","The AHA today released its Health Care Plan Accountability Update, covering the latest developments in Medicare Advantage, legislation and regulation of private health insurers, as well as other resources from the last quarter. READ MORE"
2026-05-15 15:05,AHA,Speakers sought for 2027 AHA Rural Health Care Leadership Conference,https://www.aha.org/news/headline/2026-04-22-speakers-sought-2027-aha-rural-health-care-leadership-conference,The AHA Rural Health Care Leadership Conference has no impact on current healthcare operations.,"The AHA is seeking participants to speak at the 2027 Rural Health Care Leadership Conference, which will be held Jan. 31-Feb. 3 in Orlando, Fla. Proposals must be centered around “on-the-ground” perspectives and applicable strategies that showcase un"
2026-05-15 15:05,AHA,AHA podcast explores treatment of perinatal trauma,https://www.aha.org/news/headline/2026-04-22-aha-podcast-explores-treatment-perinatal-trauma,The AHA podcast discusses treatment of perinatal trauma without mentioning a named healthcare entity or any operational disruption.,"Katie Au, M.D., and Katherine Jorda, M.D., directors of the Perinatal Trauma Clinic at Oregon Health & Science University, explore how trauma can emerge during pregnancy, labor or postpartum. They also discuss why so many parents feel alone in their "
2026-05-15 15:05,AHA,"HHS Secretary testifies on FY 2027 HHS budget before House, Senate subcommittees",https://www.aha.org/news/headline/2026-04-21-hhs-secretary-testifies-fy-2027-hhs-budget-house-senate-subcommittees,"The article describes HHS Secretary Robert F. Kennedy Jr.'s testimony on the FY 2027 HHS budget, but does not mention any disruptions or breaches at a named healthcare entity.","Secretary of Health and Human Services Robert F. Kennedy Jr. April 21 testified in two hearings on the proposed fiscal year 2027 HHS budget, which requests $111.1 billion. In the morning, Kennedy testified before the Energy and Commerce Committee Hea"
2026-05-15 15:05,AHA,UnitedHealth to expand rural payment acceleration pilot program,https://www.aha.org/news/headline/2026-04-21-unitedhealth-expand-rural-payment-acceleration-pilot-program,"UnitedHealth Group is expanding its Rural Payment Acceleration Pilot program, but this does not describe a disruption or breach at a named healthcare entity.","UnitedHealth Group announced plans to expand its Rural Payment Acceleration Pilot to reduce Medicare Advantage payment processing times for rural hospitals to less than 15 days, on average. The company commits to immediately extend accelerated paymen"
2026-05-15 15:05,AHA,AHA chair speaks at Politico Health Care Summit,https://www.aha.org/news/headline/2026-04-21-aha-chair-speaks-politico-health-care-summit,"Marc Boom, M.D., president and CEO of Houston Methodist, spoke about obstacles hospitals are facing since the passage of the budget reconciliation bill last year, but no confirmed disruption or breach was reported.","Photo: Craig Hudson for POLITICO Marc Boom, M.D., president and CEO of Houston Methodist and 2026 AHA board chair, spoke April 21 at POLITICO’s Health Care Summit about health care affordability. The summit brought together policymakers, industry lea"
2026-05-15 15:05,AHA,"Rep. Richard Neal and Steve Walsh discuss role of hospitals, future of the enhanced premium tax credits",https://www.aha.org/news/headline/2026-04-21-rep-richard-neal-and-steve-walsh-discuss-role-hospitals-future-enhanced-premium-tax-credits,"Rep. Richard Neal and Steve Walsh discuss role of hospitals in their communities, but there is no confirmed disruption or breach at a named healthcare entity.","Rep. Richard Neal, D-Mass., ranking member, House Ways and Means Committee, chatted with Steve Walsh, president and CEO, Massachusetts Health & Hospital Association, on a range of health care topics, including the crucial role hospitals play in their"
2026-05-15 15:05,AHA,"Sen. Josh Hawley shares priorities for rural hospitals, affordability",https://www.aha.org/news/headline/2026-04-21-sen-josh-hawley-shares-priorities-rural-hospitals-affordability,"Sen. Josh Hawley discusses priorities for rural hospitals, including improving cybersecurity efforts and making healthcare expenses tax-deductible, but no confirmed disruption or breach reported.","Sen. Josh Hawley, R-Mo., a member of the Senate Committee on Health, Education, Labor and Pensions, discussed his priorities for rural hospitals in Missouri and across the nation. Hawley said that changes to provider tax provisions by the budget reco"
2026-05-15 15:06,AHA,Pulitzer Prize winner shares historic nature of politics as U.S. celebrates 250th anniversary,https://www.aha.org/news/headline/2026-04-21-pulitzer-prize-winner-shares-historic-nature-politics-us-celebrates-250th-anniversary,This article does not describe a confirmed healthcare disruption or breach at a named healthcare entity. It discusses politics and American history.,Pulitzer Prize-winning historian and New York Times bestselling author Jon Meacham discussed the nature of American politics through pivotal moments in U.S. history. Meacham said that the nation was originally founded on the notion of politics as “an
2026-05-15 15:06,AHA,"Sen. Amy Klobuchar discusses need to address prior authorization, workforce, telehealth in rural areas",https://www.aha.org/news/headline/2026-04-21-sen-amy-klobuchar-discusses-need-address-prior-authorization-workforce-telehealth-rural-area,No factual sentence: This article discusses policy discussions without a named healthcare entity or operational disruption.,"Sen. Amy Klobuchar, D-Minn., chairwoman of the Senate Democratic Steering and Policy Committee, spoke on the need for Congress to address reductions in federal funding from the budget reconciliation bill passed in July 2025, prior authorization chall"
2026-05-15 15:06,AHA,CMS announces hospital food pledge,https://www.aha.org/news/headline/2026-04-21-cms-announces-hospital-food-pledge,"CMS announces a voluntary pledge related to healthy food in hospitals, but does not describe a named facility diverting ambulances, cancelling surgeries, or turning patients away, nor a confirmed breach at a healthcare entity.","Centers for Medicare & Medicaid Services leaders today announced a voluntary pledge that hospitals can sign related to their efforts on healthy food. Among other items, the pledge asks hospitals — as clinically appropriate and feasible — to align pat"
2026-05-15 15:06,AHA,"CMS’ Chris Klomp, Stephanie Carlton talk affordability, prior authorization, drug pricing",https://www.aha.org/news/headline/2026-04-21-cms-chris-klomp-stephanie-carlton-talk-affordability-prior-authorization-drug-pricing,"CMS Deputy Administrator Chris Klomp and Stephanie Carlton discussed CMS policies on affordability, prior authorization, drug pricing, but no confirmed breach or operational disruption was reported.","CMS Deputy Administrator and Director of Medicare Chris Klomp and Deputy Administrator and Chief of Staff Stephanie Carlton talked with AHA Board Chair Marc Boom, M.D., president and CEO, Houston Methodist, about CMS’ policies in the past year and lo"
2026-05-15 15:06,AHA,Rep. Blake Moore discusses health care affordability,https://www.aha.org/news/headline/2026-04-21-rep-blake-moore-discusses-health-care-affordability,Rep. Blake Moore discusses health care affordability without any disruption or breach at Sanford Health.,"Rep. Blake Moore, R-Utah, vice chair, House Republican Conference and member of the House Ways and Means Committee and its Subcommittee on Health, joined Bill Gassen, president and CEO of Sanford Health and AHA chair-elect, for a fireside chat. While"
2026-05-15 15:06,AHA,AHA leaders kick off 2026 Annual Meeting,https://www.aha.org/news/headline/2026-04-20-aha-leaders-kick-2026-annual-meeting,No factual sentence: This article discusses AHA leaders' meeting without mentioning any healthcare disruption or breach.,"The 2026 AHA Annual Meeting began today with Tina Freese Decker, president and CEO of Corewell Health and 2025 AHA board chair, who discussed the need for leaders to approach health care with skill and compassion and to share patient stories with pol"
2026-05-15 15:06,AHA,"Sen. James Lankford speaks on Medicare Advantage, rural workforce",https://www.aha.org/news/headline/2026-04-20-sen-james-lankford-speaks-medicare-advantage-rural-workforce,"Sen. James Lankford discusses regulatory relief and prior authorizations disrupting patient care and delaying payments to hospitals, but no confirmed disruption or breach is reported.","Sen. James Lankford, R-Okla., vice chair of the Republican Conference and member of the Senate Finance Committee and its Subcommittee on Health Care, joined Denise Webber, president and CEO of Stillwater Medical Center, for a conversation on building"
2026-05-15 15:06,AHA,"Rep. Greg Landsman speaks on reducing costs, reforming prior authorizations, importance of stories",https://www.aha.org/news/headline/2026-04-20-rep-greg-landsman-speaks-reducing-costs-reforming-prior-authorizations-importance-stories,"Rep. Greg Landsman discusses reducing healthcare costs and reforming prior authorizations, but does not mention a specific disruption or breach at a named healthcare entity.","Rep. Greg Landsman, D-Ohio, a member of the House Energy and Commerce Committee and its Subcommittee on Health, spoke with Mike Abrams, president and CEO of the Ohio Hospital Association, about Landsman’s efforts in Congress to address issues current"
2026-05-15 15:06,AHA,Sen. Chuck Schumer lays out priorities for health care reform,https://www.aha.org/news/headline/2026-04-20-schumer-lays-out-priorities-health-care-reform,"Senator Chuck Schumer discusses health care reform priorities, but no specific disruptions or breaches are mentioned.","Senate Democratic Leader Chuck Schumer, D-N.Y., said Congress must set aside partisanship to address urgent health care issues, including affordability and access to care. “We will never stop working to make health care more affordable,” Schumer said"
2026-05-15 15:06,AHA,"Sen. Susan Collins spotlights rural hospitals, workforce and medical research",https://www.aha.org/news/headline/2026-04-20-sen-susan-collins-spotlights-rural-hospitals-workforce-and-medical-research,"Sen. Susan Collins discusses funding for medical research and strengthening the healthcare workforce, but does not mention any disruptions or breaches at a named healthcare entity.","Sen. Susan Collins, R-Maine, chair of the Senate Committee on Appropriations and member of the Senate Committee on Health, Education, Labor and Pensions, in conversation with Immediate Past President of the Maine Hospital Association Steven Michaud, "
2026-05-15 15:06,AHA,AI in health care: Experts discuss the future of AI practices and policies,https://www.aha.org/news/headline/2026-04-20-ai-health-care-experts-discuss-future-ai-practices-and-policies,"This article discusses the future of AI practices and policies in healthcare without mentioning a specific named entity experiencing a disruption or breach. The discussion focuses on governance, regulation, and the potential benefits of AI in healthcare settings.","Jim VandeHei, CEO of Axios; Marc Boom, M.D., AHA board chair and president and CEO of Houston Methodist; Anne Klibanski, M.D., president and CEO of Mass General Brigham; Jonathan Perlin, M.D., president and CEO of Joint Commission; and Ladd Wiley, se"
2026-05-15 15:06,AHA,"CMS Administrator Oz and Deputy Administrator Brillman discuss agency’s focus on innovation, reducing waste",https://www.aha.org/news/headline/2026-04-20-cms-administrator-oz-and-deputy-administrator-brillman-discuss-agencys-focus-innovation-reducing-waste,"CMS Administrator Oz and Deputy Administrator Brillman discuss agency’s focus on innovation, reducing waste; No confirmed disruption or breach at a named healthcare entity.","Centers for Medicare & Medicaid Services Administrator Mehmet Oz, M.D., and CMS Deputy Administrator and Director of Medicaid and CHIP Dan Brillman sat down with Bill Gassen, president and CEO of Sanford Health and AHA chair-elect, for a discussion a"
2026-05-15 15:06,AHA,"Health care leaders discuss opportunities to shape the future of health care delivery, access",https://www.aha.org/news/headline/2026-04-20-health-care-leaders-discuss-opportunities-shape-future-health-care-delivery-access,"This article discusses opportunities for healthcare leaders in shaping the future of healthcare delivery and access, but does not describe a confirmed disruption or breach at a named healthcare entity.","AHA Board Immediate Past Chair Tina Freese Decker, president and CEO, Corewell Health, and Rob Allen, president and CEO, Intermountain Health, participated in a discussion moderated by Jim Skogsbergh, former chair of the AHA Board of Trustees, for a "
2026-05-15 15:07,AHA,"President’s EO speeds research, funding for psychedelic drug treatments",https://www.aha.org/news/headline/2026-04-20-presidents-eo-speeds-research-funding-psychedelic-drug-treatments,"President's EO speeds research, funding for psychedelic drug treatments; no disruption reported.","President Trump April 18 signed an executive order to accelerate research into psychedelic drugs for the treatment of serious mental illnesses, calling out ibogaine compounds as an example of such psychedelics. While the order does not mandate a chan"
2026-05-15 15:07,AHA,AHA podcast: Fixing the Nursing Shortage with Local Talent Pipelines,https://www.aha.org/news/headline/2026-04-20-aha-podcast-fixing-nursing-shortage-local-talent-pipelines,"This article discusses a partnership between Indiana University Health South Region and Ivy Tech Community College–Bloomington to address the nursing shortage, but does not describe a confirmed disruption or breach at a named healthcare entity.","What does it take to turn a nursing shortage into a workforce pipeline? In this conversation, Denzil Ross, president of Indiana University Health South Region, and Erik Coyne, chancellor of Ivy Tech Community College–Bloomington, discuss how the orga"
2026-05-15 15:07,AHA,AHA urges HRSA to abandon 340B rebate model that will cost billions and jeopardize access to care for millions,https://www.aha.org/news/headline/2026-04-20-aha-urges-hrsa-abandon-340b-rebate-model-will-cost-billions-and-jeopardize-access-care-millions,"The Health Resources and Services Administration should abandon its consideration of a 340B rebate model pilot program due to concerns about costs, access to care, and resource diversion.","The Health Resources and Services Administration should abandon its consideration of a 340B rebate model pilot program because “a rebate mechanism of any kind is flawed in both conception and design,” the AHA told the agency today. Responding to a re"
2026-05-15 15:07,AHA,"Interim final rule extends deadline for states, local governments to comply with web, app nondiscrimination requirements",https://www.aha.org/news/headline/2026-04-20-interim-final-rule-extends-deadline-states-local-governments-comply-web-app-nondiscrimination,The article discusses a regulatory change with no impact on healthcare operations or patient care.,The Department of Justice April 20 published an interim final rule in the Federal Register to delay compliance dates for certain regulatory requirements related to web content and mobile app accessibility for individuals with disabilities. The compli
2026-05-15 15:07,AHA,AHA urges en banc review of 4th Circuit’s West Virginia 340B contract pharmacy law decision,https://www.aha.org/news/headline/2026-04-17-aha-urges-en-banc-review-4th-circuits-west-virginia-340b-contract-pharmacy-law-decision,"The AHA is requesting an en banc review of a 4th Circuit decision that invalidated West Virginia's 340B contract pharmacy law, which protects patients' access to discounted prescription drugs. The AHA argues that the ruling preempts state protections and conflicts with precedent from other circuits.",The AHA and others April 17 filed an amicus brief requesting the U.S. Court of Appeals for the 4th Circuit grant en banc review of a panel decision that invalidated West Virginia’s law protecting 340B contract pharmacy arrangements. An en banc review
2026-05-15 15:07,AHA,Two federal health care leaders honored with 2026 AHA Federal Health Care Executive Awards,https://www.aha.org/news/headline/2026-04-17-two-federal-health-care-leaders-honored-2026-aha-federal-health-care-executive-awards,"The article does not describe a confirmed cyberattack, breach, PHI exposure, drug shortage, device shortage, evacuation, or care stoppage at a named healthcare entity. The AHA is honoring two federal health care leaders with awards, but this does not constitute an operational disruption.","The AHA announced April 17 that it will present its 2026 Federal Health Care Executive Award to Cmdr. Vince Deguzman, director for clinical support services at the U.S. Navy Medicine Readiness and Training Command Okinawa in Okinawa, Japan, and Eliza"
2026-05-15 15:07,AHA,"AHA, Coalition launch new advertising campaigns",https://www.aha.org/news/headline/2026-04-17-aha-coalition-strengthen-americas-healthcare-release-additional-national-hospital-week-resources,"The AHA has launched new advertising campaigns, but there is no disruption or breach reported at a named healthcare entity.","The AHA has released more resources in advance of National Hospital Week, which is May 10-16.  The AHA’s National Hospital Week webpage now features additional social media graphics and thematic social posts recognizing health care professionals acro"
2026-05-15 15:07,AHA,"AHA, others issue joint statement on workplace violence in health care",https://www.aha.org/news/headline/2026-04-17-aha-others-issue-joint-statement-workplace-violence-health-care,"The article discusses a joint statement from national healthcare provider organizations on workplace violence in healthcare, but does not describe a confirmed disruption or breach at a named healthcare entity.","Ten national health care provider organizations, including the AHA, released a joint statement April 16 in recognition of Workplace Violence Prevention Month. “Workplace violence erodes the safety and dignity of health care environments, directly con"
2026-05-15 15:07,AHA,Utah measles outbreak rises to 602 cases,https://www.aha.org/news/headline/2026-04-17-utah-measles-outbreak-rises-602-cases,"The Utah measles outbreak has increased to 602 cases, with 405 diagnosed this year, but the article does not describe a named healthcare entity experiencing a disruption.","There are now 602 cases in the Utah measles outbreak, the state’s Department of Health and Human Services reported April 14. Of those, 405 cases have been diagnosed this year. The confirmed total of measles cases reported nationwide in 2026 has incre"
2026-05-15 15:07,AHA,Speaking with One Voice to Advance Health in America,https://www.aha.org/news/perspective/2026-04-17-speaking-one-voice-advance-health-america,"This article discusses the AHA's Annual Membership Meeting and its importance in uniting the healthcare field, but it does not describe a real, occurring healthcare disruption or breach at a named entity.","Two days from now, the AHA will welcome more than 1,000 health care leaders to our 2026 Annual Membership Meeting in Washington, D.C. This yearly gathering serves many important purposes. It is an opportunity to hear from key policymakers, newsmakers"
2026-05-15 15:07,AHA,"AHA announces Carolyn Clancy, John A. Hartford Foundation as recipients of 2026 Award of Honor",https://www.aha.org/news/headline/2026-04-16-aha-announces-carolyn-clancy-john-hartford-foundation-recipients-2026-award-honor,"This article is about awarding recipients for a healthcare-related honor, but does not describe any disruption or breach at a named healthcare entity. The AHA Annual Membership Meeting will take place on April 20 in Washington, D.C., but this event itself is not a disruption.","The AHA April 16 announced that it will present its 2026 Award of Honor to Carolyn Clancy, M.D., former director of the Agency for Healthcare Research and Quality, and The John A. Hartford Foundation. Both recipients will be honored during a ceremony"
2026-05-15 15:07,AHA,Data highlights gaps in finding in-network mental health coverage,https://www.aha.org/news/headline/2026-04-16-data-highlights-gaps-finding-network-mental-health-coverage,"The article discusses potential disparities in finding in-network coverage for mental health care and substance use disorder treatment relative to physical health care among Americans enrolled in health plans from four largest commercial health insurers, but does not describe a confirmed breach or operational disruption at a named healthcare entity.",Americans across 43 states enrolled in health plans from the nation’s four largest commercial health insurers face potential disparities in finding in-network coverage for mental health care and substance use disorder treatment relative to physical h
2026-05-15 15:07,AHA,CMS updates LEAD Model request for applications; will host office hour for applicants,https://www.aha.org/news/headline/2026-04-16-cms-updates-lead-model-request-applications-will-host-office-hour-applicants,CMS updates LEAD Model request for applications; will host office hour for applicants - No disruption reported.,"The Centers for Medicare & Medicaid Services has released an updated request for applications for the Long-term Enhanced ACO Design Model, or LEAD. Applications are due May 17. The agency also announced that it will host an office hour April 21 at 1 "
2026-05-15 15:07,AHA,Erica Schwartz selected as new nominee to lead CDC,https://www.aha.org/news/headline/2026-04-16-erica-schwartz-selected-new-nominee-lead-cdc,No disruption reported; nomination announcement only.,"President Trump April 16 announced that Erica Schwartz, M.D., has been nominated for director of the Centers for Disease Control and Prevention. Schwartz previously served as deputy surgeon general during the first Trump administration."
2026-05-15 15:07,AHA,HHS Secretary testifies on FY 2027 budget proposal during pair of House hearings,https://www.aha.org/news/headline/2026-04-16-hhs-secretary-testifies-fy-2027-budget-proposal-during-pair-house-hearings,"The article describes HHS Secretary Robert F. Kennedy Jr. testifying on the FY 2027 budget proposal, but does not mention any disruption or breach at a named healthcare entity.","Secretary of Health and Human Services Robert F. Kennedy Jr. April 16 testified during two House hearings on the HHS fiscal year 2027 budget proposal, which requests $111.1 billion. He first appeared in a morning session held by the House Ways and Me"
2026-05-15 15:07,AHA,"HSCC releases guide on third-party AI risk, supply chain transparency",https://www.aha.org/news/headline/2026-04-15-hscc-releases-guide-third-party-ai-risk-supply-chain-transparency,This article discusses best practices for AI-driven supply chains in healthcare without describing a confirmed breach or operational disruption.,"The Health Sector Coordinating Council’s Cybersecurity Working Group has released a guide on third-party artificial intelligence risk and AI supply chain transparency. The guide includes best practices on AI-driven supply chains for health care, incl"
2026-05-15 15:07,AHA,Study examines how patient cost-sharing liability affects hospital finances,https://www.aha.org/news/headline/2026-04-15-study-examines-how-patient-cost-sharing-liability-affects-hospital-finances,Study examines how patient cost-sharing liability affects hospital finances; no disruption reported.,"A Health Affairs report published April 6 examined how changes in patient cost-sharing liability can impact hospital finances. The study found that the combined inpatient and outpatient mean allowed amount per enrollee increased from $1,048 to $1,616"
2026-05-15 15:07,AHA,Nominations sought for 2026 IHF Awards,https://www.aha.org/news/headline/2026-04-15-nominations-sought-2026-ihf-awards,"The International Hospital Federation is accepting nominations for its 2026 awards, but no disruption or breach has been reported at a named healthcare entity.",The International Hospital Federation is accepting nominations for its 2026 awards through April 24. The IHF Awards honor excellence in hospitals and health care organizations globally. The awards will be presented Oct. 21 during the IHF’s World Hosp
2026-05-15 15:08,AHA,Baltimore health system leader to receive 2026 AHA Justin Ford Kimball Innovators Award,https://www.aha.org/news/headline/2026-04-15-baltimore-health-system-leader-receive-2026-aha-justin-ford-kimball-innovators-award,"The AHA is presenting Harsh K. Trivedi with the 2026 Justin Ford Kimball Innovators Award for his work on behavioral health initiatives, but this does not indicate a disruption in care.","The AHA today announced that it will present Harsh K. Trivedi, M.D., president and CEO of Sheppard Pratt health system in Baltimore, with the 2026 Justin Ford Kimball Innovators Award during a ceremony April 20 at the AHA Annual Membership Meeting in"
2026-05-15 15:08,AHA,AHA podcast discusses how meaningful community efforts are improving health outcomes for Chicago children,https://www.aha.org/news/headline/2026-04-15-aha-podcast-discusses-how-meaningful-community-efforts-are-improving-health-outcomes-chicago-children,"This article discusses the impact of community efforts on health outcomes for children in Chicago, but does not describe a confirmed disruption or breach at a named healthcare entity.","Mary Kate Daly, senior vice president and chief of community health of the Patrick M. Magoon Institute for Healthy Communities at Ann & Robert H. Lurie Children’s Hospital of Chicago, explains how long-term investments, powerful community partnership"
2026-05-15 15:08,AHA,"CMS accepts more than 150 organizations for participation in ACCESS Model, extends application deadline",https://www.aha.org/news/headline/2026-04-14-cms-accepts-more-150-organizations-participation-access-model-extends-application-deadline,"CMS accepts more than 150 organizations for participation in ACCESS Model, extends application deadline; no disruption or breach reported.","The Centers for Medicare & Medicaid Services April 13 announced that more than 150 organizations have been accepted to participate in the launch of its Advancing Chronic Care with Effective Scalable Solutions Model, or ACCESS. The outcome-aligned pay"
2026-05-15 15:08,AHA,"Coalition, including AHA, expresses support for bill waiving cost-sharing requirements for chronic care management services",https://www.aha.org/news/headline/2026-04-14-coalition-including-aha-expresses-support-bill-waiving-cost-sharing-requirements-chronic-care,"The AHA and dozens of other organizations expressed support for a bill waiving cost-sharing requirements for chronic care management services, but this does not describe an operational disruption or breach at a named healthcare entity.","The AHA and dozens of other organizations April 14 sent a letter of support to Reps. Suzan DelBene, D-Wash., and Mike Kelly, R-Pa., for their introduction of the Chronic Care Management Improvement Act. The bill would waive beneficiary cost-sharing r"
2026-05-15 15:08,AHA,Joint Commission president and CEO to receive AHA’s Distinguished Service Award,https://www.aha.org/news/headline/2026-04-14-joint-commission-president-and-ceo-receive-ahas-distinguished-service-award,"The article does not describe a confirmed cyberattack, breach, or operational disruption at a named healthcare entity.","The AHA will present Jonathan B. Perlin, M.D., Ph.D., president and CEO of Joint Commission, with its Distinguished Service Award during the 2026 AHA Annual Membership Meeting in Washington, D.C. The award is the AHA’s highest honor and recognizes in"
2026-05-15 15:08,AHA,AHA podcast: Youth Mental Health Can’t Wait,https://www.aha.org/news/headline/2026-04-13-aha-podcast-youth-mental-health-cant-wait,This article does not describe a confirmed healthcare disruption or breach at a named healthcare entity.,"David Stark, chief of government and external affairs and philanthropy officer at UnityPoint Health, shares how a major philanthropic investment is helping expand mental health services for children and adolescents. Learn how a “no wrong door” model "
2026-05-15 15:08,AHA,AHA to honor five recipients of 2026 Board of Trustees Award,https://www.aha.org/news/headline/2026-04-13-aha-honor-five-recipients-2026-board-trustees-award,No factual sentence: This article does not describe a confirmed healthcare disruption or breach at a named healthcare entity.,"The AHA announced April 13 that Deborah Bowen , president and CEO of the American College of Healthcare Executives, along with four retiring state hospital association executives , will receive its 2026 AHA Board of Trustees Award during the AHA Annu"
2026-05-15 15:09,AHA,AHA provides recommendations to ONC on draft data elements for nationwide interoperable electronic data exchange,https://www.aha.org/news/headline/2026-04-13-aha-provides-recommendations-onc-draft-data-elements-nationwide-interoperable-electronic-data-exchange,"The article provides recommendations from the American Hospital Association (AHA) on draft data elements for nationwide interoperable electronic data exchange, but does not describe a confirmed healthcare disruption or breach.","The AHA April 13 provided comments to the Department of Health and Human Services on the U.S. Core Data for Interoperability Draft Version 7, a standardized set of data elements that are intended to support nationwide interoperable electronic data ex"
2026-05-15 15:09,AHA,Chair File: Supporting and Sharing the Healing Work of Hospitals and Their Care Teams,https://www.aha.org/news/chairpersons-file/2026-04-13-chair-file-supporting-and-sharing-healing-work-hospitals-and-their-care-teams,This article does not describe a confirmed healthcare disruption or breach at a named entity.,"More than 1,000 leaders from hospitals and health systems across the country will gather in Washington, D.C., early next week at the 2026 AHA Annual Membership Meeting . It’s important to make the most of this incredible opportunity to discuss the la"
2026-05-15 15:09,AHA,CMS releases proposed rule establishing electronic standards for drug prior authorizations,https://www.aha.org/news/headline/2026-04-10-cms-releases-proposed-rule-establishing-electronic-standards-drug-prior-authorizations,CMS releases proposed rule establishing electronic standards for drug prior authorizations; no disruption or breach reported.,"The Centers for Medicare & Medicaid Services April 10 released a proposed rule that would establish electronic standards for drug prior authorizations. Building on a 2024 final rule establishing prior authorization standards for medical services, tod"
2026-05-15 15:09,AHA,CMS releases FY 2027 proposed rule for long-term care hospitals,https://www.aha.org/news/headline/2026-04-10-cms-releases-fy-2027-proposed-rule-long-term-care-hospitals,CMS releases FY 2027 proposed rule for long-term care hospitals; no operational disruption reported.,"The Centers for Medicare & Medicaid Services April 10 proposed increasing the long-term care hospital standard rate payments by 2.4% in fiscal year 2027 relative to FY 2026. This includes a 3.2% market basket update, reduced by a 0.8 percentage point"
2026-05-15 15:09,AHA,CMS issues hospital IPPS proposed rule for FY 2027,https://www.aha.org/news/headline/2026-04-10-cms-issues-hospital-ipps-proposed-rule-fy-2027,CMS issues hospital IPPS proposed rule for FY 2027; no operational disruption reported.,"The Centers for Medicare & Medicaid Services April 10 issued a proposed rule that would increase Medicare inpatient prospective payment system rates by a net 2.4% in fiscal year 2027, compared with FY 2026, for hospitals that are meaningful users of "
2026-05-15 15:09,AHA,CMS highlights new digital health ecosystem tools,https://www.aha.org/news/headline/2026-04-10-cms-highlights-new-digital-health-ecosystem-tools,CMS highlights new digital health ecosystem tools; no disruption reported.,The Centers for Medicare & Medicaid Services April 9 held a demonstration showcasing the first series of products intended to push the health care industry toward a more connected ecosystem. The event highlighted tools and applications from more than
2026-05-15 15:09,AHA,MedPAC urged by AHA to scrutinize MA impacts on hospital and post-acute provider finances,https://www.aha.org/news/headline/2026-04-10-medpac-urged-aha-scrutinize-ma-impacts-hospital-and-post-acute-provider-finances,"The article discusses the relationship between Medicare Advantage enrollment and hospital and post-acute provider finances, but does not describe a confirmed cyberattack, breach, PHI exposure, drug shortage, device shortage, evacuation, or care stoppage at a named healthcare entity.","The Medicare Payment Advisory Commission met April 9 and 10 to discuss several topics, including the relationship between Medicare Advantage enrollment and hospital and post-acute provider finances and payment incentives in the Medicare program. The "
2026-05-15 15:09,AHA,CMS issues update on PAMA data reporting webinar,https://www.aha.org/news/headline/2026-04-10-cms-issues-update-pama-data-reporting-webinar,CMS issues update on PAMA data reporting webinar; no disruption reported.,The Centers for Medicare & Medicaid Services issued an updated registration link for its webinar April 16 at 3 p.m. ET on Medicare Clinical Laboratory Fee Schedule data collection. CMS will provide an overview on data collection as new Protecting Acc
2026-05-15 15:09,AHA,Measles cases reach 583 in Utah outbreak,https://www.aha.org/news/headline/2026-04-10-measles-cases-reach-583-utah-outbreak,"Measles cases reach 583 in Utah outbreak; no named healthcare entity involved, no care stoppage described.","The Utah measles outbreak has increased to 583 cases, the state’s Department of Health and Human Services reported April 7. Of those, 386 cases have been diagnosed this year. Nationwide, there have been 1,714 confirmed measles cases so far in 2026, a"
2026-05-15 15:09,AHA,Protecting Access to Care for Our Most Severely Ill Patients,https://www.aha.org/news/perspective/2026-04-10-protecting-access-care-our-most-severely-ill-patients,"The article discusses policy reforms needed to protect access for high-acuity Medicare patients, but does not describe a confirmed care stoppage or disruption at a named healthcare entity.","Few patient populations are more vulnerable to the shifting winds around health care today than Medicare beneficiaries who need specialized, high-acuity and long-stay care. The Essential Role of Long‑Term Care Hospitals in Today’s Health System Long-"
2026-05-15 15:09,AHA,Webinar to share strategies on workforce relief,https://www.aha.org/news/headline/2026-04-09-webinar-share-strategies-workforce-relief,The article describes a webinar on workforce relief strategies without mentioning any current disruptions or confirmed breaches at CHRISTUS Health or The Urology Group.,"The AHA will host a webinar April 16 at 1 p.m. ET featuring leaders from CHRISTUS Health and The Urology Group to share how nurse-first triage and smarter demand management reduce burnout, preserve clinical capacity and strengthen performance across "
2026-05-15 15:09,AHA,Attend the 2026 AHA Annual Meeting,https://www.aha.org/news/headline/2026-04-09-attend-2026-aha-annual-meeting,This article does not describe a confirmed healthcare disruption or breach at a named healthcare entity.,"Less than two weeks remain to register for the 2026 AHA Annual Membership Meeting, which will be held April 19-21 in Washington, D.C. Policymakers, legislators and thought leaders will discuss the most pressing issues facing health care. Learn more a"
2026-05-15 15:09,AHA,"U.S. birth rate declined 1% in 2025, CDC finds",https://www.aha.org/news/headline/2026-04-09-us-birth-rate-declined-1-2025-cdc-finds,"The U.S. birth rate declined by 1% in 2025, according to preliminary data released by the Centers for Disease Control and Prevention.","The U.S. birth rate declined by 1% in 2025, according to preliminary data released by the Centers for Disease Control and Prevention. The cesarean delivery rate increased slightly to 32.5% in 2025, up from 32.4% in 2024. The 2025 rate is the highest "
2026-05-15 15:09,AHA,Mississippi 340B law upheld by appeals court in two cases,https://www.aha.org/news/headline/2026-04-09-mississippi-340b-law-upheld-appeals-court-two-cases,"The U.S. Court of Appeals for the 5th Circuit upheld Mississippi's 340B pricing law, rejecting challenges from Novartis and AbbVie to enforce the state's law protecting 340B pricing for contract pharmacy arrangements.",The U.S. Court of Appeals for the 5th Circuit April 9 affirmed rulings by a Mississippi district court that rejected requests by Novartis and PhRMA to enjoin enforcement of the state’s law protecting 340B pricing for contract pharmacy arrangements. T
2026-05-15 15:10,AHA,"CMS webinar, video detail new PAMA data reporting requirements",https://www.aha.org/news/headline/2026-04-08-cms-webinar-video-detail-new-pama-data-reporting-requirements,"CMS webinar discusses new PAMA data reporting requirements, but does not describe a confirmed cyberattack, breach, or operational disruption at a named healthcare entity.","Updated: CMS April 10 provided a new registration link for the webinar. The Centers for Medicare & Medicaid Services will host a webinar April 16 at 3 p.m. ET on Medicare Clinical Laboratory Fee Schedule data collection, as new Protecting Access to M"
2026-05-15 15:10,AHA,AHA podcast: A New Solution to Medical Debt,https://www.aha.org/news/headline/2026-04-08-aha-podcast-new-solution-medical-debt,"This article discusses a non-urgent issue related to medical debt, without any mention of a named healthcare entity experiencing a disruption or breach.","Allison Sesso, president and CEO of Undue Medical Debt, and Eva Stahl, vice president of policy, engagement and research at Undue Medical Debt, share how the organization has helped eliminate over $27 billion in patient debt and how hospitals are par"
2026-05-15 15:10,AHA,"HRSA to provide more than $135 million for nutrition, rural workforce initiatives",https://www.aha.org/news/headline/2026-04-08-hrsa-provide-more-135-million-nutrition-rural-workforce-initiatives,"HRSA to provide more than $135 million for nutrition, rural workforce initiatives; no disruption reported.",The Health Resources and Services Administration April 7 announced it will provide more than $135 million in funding to support nutrition and rural health workforce initiatives. HRSA will provide $125 million to support more than 350 health centers i
2026-05-15 15:10,AHA,"CMS releases guidance on limits to Medicaid, CHIP funding for certain noncitizens",https://www.aha.org/news/headline/2026-04-08-cms-releases-guidance-limits-medicaid-chip-funding-certain-noncitizens,"CMS releases guidance on limits to Medicaid, CHIP funding for certain noncitizens; no operational disruption reported.",The Centers for Medicare and Medicaid Services April 8 issued guidance on implementing a provision within the reconciliation bill passed in July 2025 regarding federal matching funds for full Medicaid and Children’s Health Insurance Program benefits 
2026-05-15 15:10,AHA,CMS to host 7th annual HL7 FHIR Connectathon in July,https://www.aha.org/news/headline/2026-04-07-cms-host-7th-annual-hl7-fhir-connectathon-july,"CMS is hosting a virtual event for health care interoperability leaders, but there is no confirmed disruption or breach at a named healthcare entity.",The Centers for Medicare & Medicaid Services will host its seventh annual CMS & Health Level Seven International Fast Healthcare Interoperability Resources Connectathon from July 14-16. The virtual event will involve health care interoperability lead
2026-05-15 15:10,AHA,CDC finds nearly half of U.S. adults get recommended amount of physical activity,https://www.aha.org/news/headline/2026-04-07-cdc-finds-nearly-half-us-adults-get-recommended-amount-physical-activity,"The CDC report does not describe a confirmed cyberattack, breach, PHI exposure, drug shortage, device shortage, evacuation, or care stoppage at a named healthcare entity. The article discusses physical activity guidelines and trends in the US population.",A Centers for Disease Control and Prevention report published April 7 found that 47.2% of all U.S. adults met federal guidelines for aerobic physical activity in 2024. The report found that 52.3% of men and 42.4% of women met the standards. The CDC f
2026-05-15 15:10,AHA,ASHE’s 2026 Health Care Facilities Innovation Conference set for August,https://www.aha.org/news/headline/2026-04-07-ashes-2026-health-care-facilities-innovation-conference-set-august,The article describes the upcoming ASHE conference without any mention of a healthcare disruption or breach.,"The AHA’s American Society for Health Care Engineering announced April 7 that registration has opened for the 2026 Health Care Facilities Innovation Conference, which will take place Aug. 2-5 in Minneapolis. The conference, formerly known as the ASHE"
2026-05-15 15:10,AHA,CMS finalizes Medicare Advantage rates for CY 2027,https://www.aha.org/news/headline/2026-04-06-cms-finalizes-medicare-advantage-rates-cy-2027,"CMS finalizes Medicare Advantage rates for CY 2027, but no disruption reported.","The Centers for Medicare & Medicaid Services April 6 released the Medicare Advantage and Part D Rate Announcement for calendar year 2027. The rate announcement finalized a net average year-over-year increase of 2.48% in MA plan payments, or over $13 "
2026-05-15 15:10,AHA,Court strikes HRSA 340B policy restricting initial hospital drug purchases through GPOs,https://www.aha.org/news/headline/2026-04-06-court-strikes-hrsa-340b-policy-restricting-initial-hospital-drug-purchases-through-gpos,"The U.S. District Court for the District of Columbia has struck down a Health Resources and Services Administration policy, but this decision does not affect current operations or drug purchases.",The U.S. District Court for the District of Columbia March 31 vacated a Health Resources and Services Administration policy instituted in 2013 that restricted how certain 340B hospitals could make initial drug purchases. The case challenged a provisi
2026-05-15 15:10,AHA,AHA podcast: The CMO’s Role in Better Outcomes,https://www.aha.org/news/headline/2026-04-06-aha-podcast-cmos-role-better-outcomes,This article does not describe a confirmed healthcare disruption or breach at a named healthcare entity.,"The role of the chief medical officer is rapidly evolving as health care systems focus on the present and future. In this conversation, Phillip Chang, M.D., chief medical officer of CommonSpirit Health, shares insights on measuring data and quality, "
2026-05-15 15:10,AHA,CMS proposes hospice payments for FY 2027; increased oversight and reporting,https://www.aha.org/news/headline/2026-04-03-cms-proposes-hospice-payments-fy-2027-increased-oversight-and-reporting,"The article proposes a rule update for hospice payments and oversight, but does not describe a confirmed disruption or breach at a named healthcare entity.","The Centers for Medicare & Medicaid Services April 2 issued a proposed rule that would update hospice payment rates for fiscal year 2027. Overall, CMS proposes a 2.4% net increase to payments compared with FY 2026. This includes a 3.2% market basket "
2026-05-15 15:10,AHA,White House issues FY 2027 budget request,https://www.aha.org/news/headline/2026-04-03-white-house-issues-fy-2027-budget-request,"The article discusses President Trump's FY 2027 budget request, which includes a proposed reduction in non-defense discretionary spending, but does not include any new mandatory spending proposals for the Department of Health and Human Services. The HHS proposal is not binding and serves as a preliminary framework for Congress and the administration to determine federal funding levels and shape health care policy.",President Trump April 3 submitted to Congress his budget request for fiscal year 2027. The top-line request proposes a 10% decrease ($73 billion) in non-defense discretionary spending. The budget requests $111.1 billion in discretionary funding for t
2026-05-15 15:10,AHA,"Joint Commission launches outcome-driven certifications on perinatal care, cardiac procedures",https://www.aha.org/news/headline/2026-04-03-joint-commission-launches-outcome-driven-certifications-perinatal-care-cardiac-procedures,"The Joint Commission is launching outcome-driven certifications on perinatal care and cardiac procedures, but this does not describe a confirmed disruption or breach at a named healthcare entity.","The Joint Commission March 30 announced it is launching outcomes-driven certifications, with the first focusing on perinatal care and cardiac surgeries and procedures. The perinatal care certification will evaluate hospital performance across key are"
2026-05-15 15:10,AHA,"Utah measles outbreak at 559 cases, CDC reports 1,671 nationwide",https://www.aha.org/news/headline/2026-04-03-utah-measles-outbreak-559-cases-cdc-reports-1671-nationwide,"The Utah measles outbreak has increased to 559 cases, according to the CDC, but this is a reported number and not an immediate disruption.","Cases in the Utah measles outbreak have increased to 559, the state’s Department of Health and Human Services reported March 31. The agency said 362 cases have been diagnosed so far this year during the outbreak, which began in June 2025. The Centers"
2026-05-15 15:10,AHA,Tapping Into AI’s Potential for Supporting Great Patient Care,https://www.aha.org/news/perspective/2026-04-03-tapping-ais-potential-supporting-great-patient-care,This article discusses the potential of AI in healthcare without describing any disruption or breach at a named healthcare entity. It highlights the benefits of AI adoption and provides recommendations for policymakers to ensure patient safety and improve patient experience.,"Every day, we see more headlines and examples highlighting the impact of artificial intelligence on our lives. As with many transformational technologies, people find cause for both optimism and caution, as no one can predict with certainty how life "
2026-05-15 15:10,AHA,Early registration deadline extended to April 3 for AHA’s Healthier Together Conference,https://www.aha.org/news/headline/2026-04-02-early-registration-deadline-extended-april-3-ahas-healthier-together-conference,No disruption reported; early registration deadline extended for AHA's Healthier Together Conference.,"Early-bird registration rates have been extended through April 3 for the AHA’s inaugural Healthier Together Conference. The conference, which will be held May 12-14 in Dallas, will focus on community health, care delivery transformation and reducing "
2026-05-15 15:11,AHA,"CDC releases report on flu, COVID-19 vaccination coverage for health care workers for 2024-25 respiratory season",https://www.aha.org/news/headline/2026-04-02-cdc-releases-report-flu-covid-19-vaccination-coverage-health-care-workers-2024-25-respiratory-season,"The article reports on vaccination rates among healthcare workers for the 2024-25 respiratory season, but does not describe a disruption or breach at a named healthcare entity.","Flu and COVID-19 vaccination rates among all health care workers for the 2024-25 respiratory virus season was 76.3% and 40.2%, respectively, according to a Centers for Disease Control and Prevention report released April 2. Coverage was higher for pe"
2026-05-15 15:11,AHA,FAQ addresses enforcement discretion for plan compliance under certain No Surprises Act provisions,https://www.aha.org/news/headline/2026-04-02-faq-addresses-enforcement-discretion-plan-compliance-under-certain-no-surprises-act-provisions,"The article discusses enforcement discretion for plan compliance under certain No Surprises Act provisions. The Departments of Labor, Treasury, and OPM continue to use enforcement discretion for plans that calculate qualifying payment amounts using the 2021 methodology.","The Centers for Medicare & Medicaid Services April 1 released a joint FAQ with the Departments of Labor, the Treasury, and the Office of Personnel Management regarding their continued use of enforcement discretion for plan compliance under certain No"
2026-05-15 15:11,AHA,CMS seeks applicants for LEAD ACO Model,https://www.aha.org/news/headline/2026-04-02-cms-seeks-applicants-lead-aco-model,"CMS is seeking applicants for its new LEAD ACO Model, but this does not describe a disruption or breach at a named healthcare entity.","The Centers for Medicare & Medicaid Services March 31 released a request for applications for its new accountable care organization model, the Long-term Enhanced ACO Design Model, or LEAD. The model is designed to accommodate a wide range of health c"
2026-05-15 15:11,AHA,Administration announces additional pharmaceutical tariffs,https://www.aha.org/news/headline/2026-04-02-administration-announces-additional-pharmaceutical-tariffs,"The article describes a policy change and tariff implementation without mentioning a named healthcare entity experiencing a disruption. The administration's announcement does not indicate a current care stoppage, supply outage, or confirmed breach at a specific facility.",The White House April 2 issued a proclamation implementing additional tariffs on certain patented pharmaceutical products and ingredients. The order imposes a 100% tariff within 120 days for certain large companies identified in Annex III of the proc
2026-05-15 15:11,AHA,CMS announces data release on health care utilization and prices,https://www.aha.org/news/headline/2026-04-02-cms-announces-data-release-health-care-utilization-and-prices,"CMS announces data release on health care utilization and prices, but does not describe a confirmed cyberattack, breach, or operational disruption at a named healthcare entity.","The Centers for Medicare & Medicaid Services April 2 announced the release of new data on health care utilization and prices at the provider and service level in open, machine-readable formats under an open license. The agency states that the data ar"
2026-05-15 15:11,AHA,"CMS finalizes policy and technical changes to Medicare, MA, Part D for CY 2027",https://www.aha.org/news/headline/2026-04-02-cms-finalizes-policy-and-technical-changes-medicare-ma-part-d-cy-2027,"CMS is finalizing policy changes without any disruptions or breaches reported, so no disruption occurred.","The Centers for Medicare & Medicaid Services April 2 released a final rule on policy and technical changes to Medicare Advantage, the Medicare Prescription Drug Benefit Program, Medicare Cost Plan Program, and Programs of All-Inclusive Care for the E"
2026-05-15 15:11,AHA,CMS proposes a 2.3% payment increase for inpatient psychiatric facilities,https://www.aha.org/news/headline/2026-04-02-cms-proposes-23-payment-increase-inpatient-psychiatric-facilities,CMS proposes a payment increase for inpatient psychiatric facilities without any disruption to care.,"The Centers for Medicare & Medicaid Services April 2 issued a proposed rule for the inpatient psychiatric facility prospective payment system for fiscal year 2027. CMS proposes to increase IPF payments by a net 2.3%, equivalent to $50 million, in FY "
2026-05-15 15:11,AHA,CMS proposes 2.8% payment update for IRFs for FY 2027,https://www.aha.org/news/headline/2026-04-02-cms-proposes-28-payment-update-irfs-fy-2027,CMS proposes payment update for IRFs without a confirmed disruption or breach at a named healthcare entity.,"The Centers for Medicare & Medicaid Services April 2 released the fiscal year 2027 prospective payment system proposed rule for inpatient rehabilitation facilities. The rule would increase payments by 2.8% overall, which includes a 3.2% market basket"
2026-05-15 15:11,AHA,CMS proposes 2.4% payment update for SNFs,https://www.aha.org/news/headline/2026-04-02-cms-proposes-24-payment-update-snfs,CMS proposes a payment update for skilled nursing facilities without any disruption or breach reported.,"The Centers for Medicare & Medicaid Services April 2 issued a proposed rule for the skilled nursing facility prospective payment system for fiscal year 2027. The proposal would increase aggregate payments by 2.4%, which reflects a 3.2% market basket "
2026-05-15 15:11,AHA,"CDC temporarily pauses rabies, pox virus testing",https://www.aha.org/news/headline/2026-04-01-cdc-temporarily-pauses-rabies-pox-virus-testing,CDC temporarily pauses rabies and pox virus testing due to technical issues with its laboratory testing system.,"The Centers for Disease Control and Prevention has temporarily paused rabies and pox virus testing, according to an update on its website March 30. The pox virus family consists of several viruses, including smallpox and mpox. The CDC typically confi"
2026-05-15 15:11,AHA,AHA podcast: How Rehab Hospitals Can Ease Acute Care Overload,https://www.aha.org/news/headline/2026-04-01-aha-podcast-how-rehab-hospitals-can-ease-acute-care-overload,"This article discusses strategies for rehab hospitals to help alleviate pressure on acute care facilities, but does not describe a confirmed disruption or breach at a named healthcare entity.","Scott Edelman, executive director of Burke Rehabilitation, shares how post-acute care hospitals are helping relieve pressure on acute care facilities, and how rehab centers act as a critical safety valve to improve patient flow, reduce length of stay"
2026-05-15 15:11,AHA,CMS awards new contract for independent reviews of MA adverse organization determinations and reconsiderations,https://www.aha.org/news/headline/2026-04-01-cms-awards-new-contract-independent-reviews-ma-adverse-organization-determinations-and,CMS awards new contract for independent reviews of MA adverse organization determinations and reconsiderations; no disruption reported.,The Centers for Medicare & Medicaid Services March 30 announced that C2C Innovative Solutions will replace Maximus in reviewing and processing appeals of adverse organization determinations and reconsiderations made by Medicare Advantage plans as of 
2026-05-15 15:12,AHA,4th Circuit upholds block on West Virginia’s 340B law,https://www.aha.org/news/headline/2026-03-31-4th-circuit-upholds-block-west-virginias-340b-law,"The U.S. Court of Appeals for the 4th Circuit upheld a preliminary injunction issued by the U.S. District Court for the District of West Virginia blocking the state from enforcing S.B. 325, its law requiring drug companies to provide access to 340B drug discounts to purchases through contract pharmacies.","The U.S. Court of Appeals for the 4th Circuit March 31 upheld a preliminary injunction issued by the U.S. District Court for the District of West Virginia blocking the state from enforcing S.B. 325, its law requiring drug companies to provide access "
2026-05-15 15:12,AHA,Alerts warn F5 BIG-IP vulnerability being exploited for malicious activity,https://www.aha.org/news/headline/2026-03-31-alerts-warn-f5-big-ip-vulnerability-being-exploited-malicious-activity,"The F5 BIG-IP vulnerability is being exploited for malicious activity, but it does not describe a confirmed breach or operational disruption at a named healthcare entity. The alert was released by the Cybersecurity and Infrastructure Security Agency, but it does not indicate that a healthcare entity has been compromised.","The Cybersecurity and Infrastructure Security Agency released an alert March 27 on a vulnerability in F5 BIG-IP Access Policy Manager software that is being exploited for malicious cyber activity. F5 devices and software, used widely by health care a"
2026-05-15 15:12,AHA,HHS reverses 2024 reorganization of IT services,https://www.aha.org/news/headline/2026-03-31-hhs-reverses-2024-reorganization-it-services,HHS reverses 2024 reorganization of IT services; no disruption reported.,The Department of Health and Human Services March 31 announced that it is reverting a 2024 reorganization of health IT leadership and services. The dually titled Office of the Assistant Secretary for Technology Policy/Office of the National Coordinat
2026-05-15 15:12,AHA,CMS memo reiterates nutrition service obligations for hospitals in light of updated dietary guidelines,https://www.aha.org/news/headline/2026-03-31-cms-memo-reiterates-nutrition-service-obligations-hospitals-light-updated-dietary-guidelines,CMS memo reiterates nutrition service obligations for hospitals in light of updated dietary guidelines. No operational disruption reported.,The Centers for Medicare & Medicaid Services March 20 released a memorandum reinforcing hospital nutrition service obligations for hospitals. The memo reminds hospitals of the Medicare conditions of participation that require hospitals to ensure menu
2026-05-15 15:12,AHA,"Organizations, including AHA, release reforms to strengthen LTCHs",https://www.aha.org/news/headline/2026-03-30-organizations-including-aha-release-reforms-strengthen-ltchs,"The article discusses reforms to strengthen Long-Term Care Hospitals (LTCHs) without describing a confirmed cyberattack, breach, or operational disruption at a named healthcare entity.","A group of hospital stakeholders, including the AHA, the Federation of American Hospitals, the National Association of Long Term Hospitals and the Coalition of Long-Term Acute-Care Hospitals, today announced the release of Long-Term Acute Care Hospit"
2026-05-15 15:12,AHA,"AHA makes recommendations to CMS on strengthening domestic supply chain for PPE, essential medicines",https://www.aha.org/news/headline/2026-03-30-aha-makes-recommendations-cms-strengthening-domestic-supply-chain-ppe-essential-medicines,"The AHA submitted comments to CMS on strengthening the supply chain for PPE and essential medicines, but no confirmed disruption or breach is reported.",The AHA today submitted comments to the Centers for Medicare & Medicaid Services on an advanced notice of proposed rulemaking on potential options to strengthen the supply chain for American-made personal protective equipment and essential medicines.
2026-05-15 15:12,AHA,AHA responds to CMS’ CRUSH RFI on potential actions addressing fraud in health care,https://www.aha.org/news/headline/2026-03-30-aha-responds-cms-crush-rfi-potential-actions-addressing-fraud-health-care,The AHA responded to a CMS RFI on potential actions addressing fraud in healthcare without describing an actual care stoppage or confirmed breach at a named entity.,"The AHA today responded to a Centers for Medicare & Medicaid Services request for information on its Comprehensive Regulations to Uncover Suspicious Healthcare, or CRUSH, initiative. The RFI seeks stakeholder feedback on potential regulatory changes "
2026-05-15 15:12,AHA,CMS report finds rise in premiums for 2026 Marketplace enrollees,https://www.aha.org/news/headline/2026-03-30-cms-report-finds-rise-premiums-2026-marketplace-enrollees,CMS report finds no confirmed breach or operational disruption at a named healthcare entity.,"Average out-of-pocket premiums for Health Insurance Marketplace enrollees increased $65 per month in 2026 compared to 2025, going from $113 to $178, according to a report released March 27 by the Centers for Medicare & Medicaid Services. The figures "
2026-05-15 15:12,AHA,"Hospitals in New York, New Mexico receive Malcolm Baldrige National Quality Award for Performance Excellence",https://www.aha.org/news/headline/2026-03-30-hospitals-new-york-new-mexico-receive-malcolm-baldrige-national-quality-award-performance-excellence,"Neither a named healthcare entity is experiencing a care stoppage or disruption, nor is there a confirmed breach or cyberattack. The article reports on awards for performance excellence and innovation.","Two hospitals yesterday were presented the Malcolm Baldrige National Quality Award for performance excellence and innovation. Northwell Health’s Glen Cove Hospital, of Glen Cove, N.Y., and Nor-Lea Hospital, of Lovington, N.M., were awarded the honors"
2026-05-15 15:12,AHA,Registration discounts end March 31 for Healthier Together Conference,https://www.aha.org/news/headline/2026-03-30-registration-discounts-end-march-31-healthier-together-conference,Registration discounts end March 31 for the AHA's inaugural Healthier Together Conference; no operational disruption reported.,"Early-bird registration rates end tomorrow for the AHA's inaugural Healthier Together Conference. The conference, which will be held May 12-14 in Dallas, will focus on community health, care delivery transformation and reducing disparities in health "
2026-05-15 15:12,AHA,Chair File: Leadership Dialogue — Innovation in Patient Safety with Amy Rockman of the AI Center of Excellence,https://www.aha.org/news/chairpersons-file/2026-03-30-chair-file-leadership-dialogue-innovation-patient-safety-amy-rockman-ai-center-excellence,No impact detected,"For decades, hospitals and health systems have used innovation to improve patient care and outcomes. We have seen dramatic improvements and know we can never be complacent: We need to continuously work to advance safety and quality. Today, powerful n"
2026-05-15 15:12,AHA,Article highlights role of hospitals in advancing women’s health,https://www.aha.org/news/headline/2026-03-27-article-highlights-role-hospitals-advancing-womens-health,This article does not describe a confirmed healthcare disruption or breach at a named healthcare entity.,"An article in the current edition of AHA Trustee Insights highlights how health care professionals across America’s hospitals and health systems — physicians, nurses and other caregivers, as well as administrators and trustees — are enhancing the way"
2026-05-15 15:13,AHA,"Utah measles outbreak grows to 486 cases as U.S. total approaches 1,600",https://www.aha.org/news/headline/2026-03-27-utah-measles-outbreak-grows-486-cases-total-us-approaches-1600,No confirmed healthcare disruption or breach at a named entity; article reports on measles outbreak statistics.,"A measles outbreak in Utah is now at 486 cases, with 107 reported in the last three weeks, according to data from the state’s Department of Health and Human Services. The outbreak began in June 2025. Nationally, 1,575 measles cases have been reported"
2026-05-15 15:13,AHA,SAMHSA advisory addresses ways to close care gaps in behavioral health service deserts,https://www.aha.org/news/headline/2026-03-27-samhsa-advisory-addresses-ways-close-care-gaps-behavioral-health-service-deserts,"The Substance Abuse and Mental Health Services Administration has released an advisory examining innovative solutions to close gaps in behavioral health care deserts, but it does not describe a confirmed cyberattack, breach, PHI exposure, drug shortage, device shortage, evacuation, or care stoppage at a named healthcare entity.",The Substance Abuse and Mental Health Services Administration has released an advisory examining innovative solutions to close gaps in behavioral health care deserts. It highlights how more than 60% of rural Americans live in designated behavioral he
2026-05-15 15:13,AHA,CDC immunization report finds declines in 5 childhood vaccines by age 2,https://www.aha.org/news/headline/2026-03-27-cdc-immunization-report-finds-declines-5-childhood-vaccines-age-2,"The report found declines in vaccinations for five childhood vaccines by age 2, but does not describe a confirmed breach or operational disruption at a named healthcare entity.",The Centers for Disease Control and Prevention March 26 released a report on U.S. child vaccination coverage by age 2. The report found that coverage among children born from 2021-2022 was similar to those born in 2019-2020 but noted decreases for fi
2026-05-15 15:13,AHA,"At AHA’s Annual Membership Meeting, Uniting to Protect Access to Care",https://www.aha.org/news/perspective/2026-03-27-ahas-annual-membership-meeting-uniting-protect-access-care,"The AHA Annual Membership Meeting does not describe a confirmed healthcare disruption or breach at a named healthcare entity. The meeting is focused on advocacy, policy, and education.","Just 23 days from now, more than 1,000 hospital and health system leaders from across the country will arrive in Washington, D.C., for the 2026 AHA Annual Membership Meeting . It is a gathering that always inspires, as so many passionate and dedicate"
2026-05-15 15:13,AHA,HHS announces members of Healthcare Advisory Committee,https://www.aha.org/news/headline/2026-03-26-hhs-announces-members-healthcare-advisory-committee,The article describes the announcement of a committee's members without any impact on healthcare operations or services.,"The Department of Health and Human Services and Centers for Medicare & Medicaid Services announced members of the Healthcare Advisory Committee March 26. The committee, which began its nomination process last year , will serve as an advisory panel on"
2026-05-15 15:13,AHA,AHA: Anthem facility administrative policy sets providers up to fail,https://www.aha.org/news/headline/2026-03-26-aha-anthem-facility-administrative-policy-sets-providers-fail,"AHA's new facility administrative policy from Anthem may lead to difficulties for patients accessing healthcare, but it does not describe a confirmed cyberattack, breach, PHI exposure, drug shortage, device shortage, evacuation, or care stoppage at a named healthcare entity.","In a commentary published March 26 by Healthcare Dive, AHA President and CEO Rick Pollack details why a new facility administrative policy from Anthem will make it tougher for individuals to access health care. The policy requires hospitals in 12 sta"
2026-05-15 15:13,AHA,Study: Premature placental separation could increase child’s risk of heart disease by age 28,https://www.aha.org/news/headline/2026-03-26-study-premature-placental-separation-could-increase-childs-risk-heart-disease-age-28,This article does not describe a confirmed healthcare disruption or breach at a named healthcare entity.,An American Heart Association study published March 25 found that children born to mothers with premature placental separation could be at higher risk of heart disease by age 28. They also are nearly three times more likely to be hospitalized for hea
2026-05-15 15:13,AHA,"CMS launches ASPIRE Model for youth in Medicaid, CHIP with complex medical, behavioral health needs",https://www.aha.org/news/headline/2026-03-25-cms-launches-aspire-model-youth-medicaid-chip-complex-medical-behavioral-health-needs,"CMS launches ASPIRE Model for youth in Medicaid, CHIP with complex medical, behavioral health needs; no disruption reported.",The Centers for Medicare & Medicaid Services Innovation Center March 24 announced the launch of a new model under Medicaid and the Children’s Health Insurance Program for children and youth up to age 21 who either have or are at risk of developing co
2026-05-15 15:13,AHA,FDA issues early alert for certain dialysis devices from B. Braun Medical,https://www.aha.org/news/headline/2026-03-25-fda-issues-early-alert-certain-dialysis-devices-b-braun-medical,"FDA issues early alert for certain dialysis devices from B. Braun Medical due to small air bubbles adhering to arterial bloodlines, prompting customers to use alternate equipment.",The Food and Drug Administration has issued an early alert for certain Streamline Airless System Hemodialysis Bloodlines and B3 Low Volume Bloodlines by B. Braun Medical due to preliminary testing that showed a change to the tubing resin led to small
2026-05-15 15:13,AHA,"AHA launches innovation summits, revamped reducing disparities in health outcomes webpage",https://www.aha.org/news/headline/2026-03-25-aha-launches-custom-innovation-summits-revamped-reducing-disparities-health-outcomes-webpage,"The AHA has launched an enhanced reducing disparities in health outcomes webpage, but there is no indication of a disruption or breach at a named healthcare entity.","The AHA is now offering custom innovation summits — proven, high-impact workshops designed to convene health care leaders and co-design solutions for organizations committed to reducing health disparities. These one-day interactive sessions are tailo"
2026-05-15 15:13,AHA,AHA podcast: A New Prescription for Community Health,https://www.aha.org/news/headline/2026-03-25-aha-podcast-new-prescription-community-health,"This article discusses a non-urgent initiative by Baylor Scott & White Health and Wellness Center to improve community health, but does not describe a named facility disruption or confirmed breach.","Venita Owens, president of Baylor Scott & White Health and Wellness Center, and Andrea Hayes, manager of marketing and public relations for Baylor Scott & White, discuss how medical care, nutrition, education and fitness are coming together to suppor"
2026-05-15 15:13,AHA,AHA urges CMS to reduce burden on national provider identifier requirements for hospital off-campus PBDs,https://www.aha.org/news/headline/2026-03-24-aha-urges-cms-reduce-burden-national-provider-identifier-requirements-hospital-campus-pbds,"The article discusses upcoming requirements from the Consolidated Appropriations Act of 2026 regarding hospital off-campus provider-based departments, but does not describe a confirmed disruption or breach at a named healthcare entity.",The AHA March 24 commented to the Centers for Medicare & Medicaid Services on upcoming requirements from the Consolidated Appropriations Act of 2026 regarding hospital off-campus provider-based departments. The requirements mandate that hospitals obt
2026-05-15 15:13,AHA,"ASPR to expand domestic production of ingredients for anesthesia, cardiovascular medications",https://www.aha.org/news/headline/2026-03-24-aspr-expand-domestic-production-ingredients-anesthesia-cardiovascular-medications,"The Administration for Strategic Preparedness and Response is investing $8.3 million in expanding domestic production of propofol and metoprolol, but this does not indicate a current operational disruption or confirmed breach at a named healthcare entity.","The Administration for Strategic Preparedness and Response March 24 announced an investment to expand the domestic manufacturing of propofol and metoprolol. Propofol is a sedative used for anesthesia and intensive care unit sedation, while metoprolol"
2026-05-15 15:13,AHA,Blog explains why context matters in discussions on health care spending,https://www.aha.org/news/headline/2026-03-24-blog-explains-why-context-matters-discussions-health-care-spending,"This article discusses the importance of context in understanding healthcare spending, but does not describe a real, occurring healthcare disruption or confirmed breach at a named healthcare entity.","An AHA blog published March 24 responds to a recent KFF brief on the role of hospital care in recent health care spending growth. It explains why hospital spending is easy for detractors to scrutinize, despite being stable since the 1980s, and why co"
2026-05-15 15:13,AHA,Register for next month’s 2026 AHA Annual Meeting,https://www.aha.org/news/headline/2026-03-24-register-next-months-2026-aha-annual-meeting,"Registration is ongoing for the 2026 AHA Annual Membership meeting, which will be held April 19-21 in Washington, D.C., but this does not indicate a disruption or breach at a named healthcare entity.","Registration is ongoing for the 2026 AHA Annual Membership meeting, which will be held April 19-21 in Washington, D.C. Policymakers, legislators and thought leaders will discuss the most pressing issues facing health care. Learn more and register ."
2026-05-15 15:13,AHA,AHA podcast: Rethinking Primary Care to Support Medically Complex Patients,https://www.aha.org/news/headline/2026-03-23-aha-podcast-rethinking-primary-care-support-medically-complex-patients,This article does not describe a confirmed healthcare disruption or breach at a named healthcare entity.,The University of Utah Health shares how it is using intensive primary care to support patients navigating complex medical and social challenges. LISTEN NOW
2026-05-15 15:13,AHA,Alert warns of cyber actors using Telegram messaging app to push malware,https://www.aha.org/news/headline/2026-03-23-alert-wants-cyber-actors-using-telegram-messaging-app-push-malware,The FBI released an alert March 20 warning of a technique used by cyber actors working on behalf of the Iranian government to conduct malicious cyber activity using the Telegram messaging app.,The FBI released an alert March 20 warning of a technique used by cyber actors working on behalf of the Iranian government to conduct malicious cyber activity. The FBI said the cyber actors are using the Telegram messaging app to push malware targeti
2026-05-15 15:13,AHA,Advisory group conducting survey on No Surprises Act good faith estimates,https://www.aha.org/news/headline/2026-03-23-advisory-group-conducting-survey-no-surprises-act-good-faith-estimates,"The Workgroup for Electronic Data Interchange is conducting a survey on how health care providers are implementing good faith estimates for uninsured and self-pay individuals under the federal No Surprises Act, but no actual disruption or breach has occurred.",The Workgroup for Electronic Data Interchange announced that it is conducting a survey on how health care providers are implementing good faith estimates for uninsured and self-pay individuals under the federal No Surprises Act. The deadline for resp
2026-05-15 15:13,AHA,"More than 41,000 medical school seniors, graduates matched to residency slots",https://www.aha.org/news/headline/2026-03-23-more-41000-medical-school-seniors-graduates-matched-residency-slots,No disruption reported; article discusses match day results for medical school seniors and graduates.,"The National Resident Matching Program announced March 20 that it matched 41,482 medical school seniors and graduates to U.S. residency positions, filling 93.5% of the training positions offered. There were 53,373 total applicants in contention for t"
2026-05-15 15:13,AHA,HHS finalizes HIPAA transaction standard for health care attachments,https://www.aha.org/news/headline/2026-03-23-hhs-finalizes-hipaa-transaction-standard-health-care-attachments,"The Department of Health and Human Services has released a final rule establishing a standard format for attachments to support electronic health care claims, but this does not describe an operational disruption or breach at a named healthcare entity.",The Department of Health and Human Services March 20 released a final rule establishing a standard format for attachments to support electronic health care claims under the Health Insurance Portability and Accountability Act. The rule also establishe
2026-05-15 15:14,AHA,White House releases national AI policy framework,https://www.aha.org/news/headline/2026-03-20-white-house-releases-national-ai-policy-framework,The White House released its national policy framework on artificial intelligence without any disruptions or breaches at a named healthcare entity.,"The White House today released its national policy framework on artificial intelligence . The framework includes several recommendations for Congress, including establishing regulatory sandboxes to foster AI application development, providing resourc"
2026-05-15 15:14,AHA,CISA urges organizations to harden endpoint management systems following Stryker cyberattack,https://www.aha.org/news/headline/2026-03-20-cisa-urges-organizations-harden-endpoint-management-systems-following-stryker-cyberattack,CISA urges organizations to harden endpoint management systems following Stryker cyberattack; no indication of ransomware or malware at Stryker.,"The Cybersecurity and Infrastructure Security Agency March 18 released an alert urging U.S. organizations to harden their endpoint management systems following the March 11 cyberattack against Stryker, a U.S.-based medical technology and supply firm."
2026-05-15 15:14,AHA,"CDC reports measles cases near 1,500 nationally; South Carolina outbreak continues",https://www.aha.org/news/headline/2026-03-20-cdc-reports-measles-cases-near-1500-nationally-south-carolina-outbreak-continues,"The CDC reports measles cases near 1,500 nationally; South Carolina outbreak continues. No named healthcare entity is currently experiencing a disruption or breach.","The Centers for Disease Control and Prevention announced today that there are now 1,487 confirmed measles cases nationwide so far this year. The CDC said 5% of cases have been hospitalized, and no deaths have been reported. The vaccination status of "
2026-05-15 15:14,AHA,Registration discounts for Healthier Together Conference available until March 31,https://www.aha.org/news/headline/2026-03-20-registration-discounts-healthier-together-conference-available-until-march-31,Registration discounts for Healthier Together Conference available until March 31; no disruption reported.,"Early-bird registration rates for the AHA’s Healthier Together Conference end March 31. This inaugural conference on community health, care delivery transformation and reducing disparities in health outcomes will be held May 12-14 in Dallas. Visit th"
2026-05-15 15:14,AHA,HCMC launches Excellence in Hospital Capacity Management Award,https://www.aha.org/news/headline/2026-03-20-hcmc-launches-excellence-hospital-capacity-management-award,"The Hospital Capacity Management Consortium has launched the Excellence in Hospital Capacity Management Award, but this does not describe a confirmed healthcare disruption or breach at a named entity.","The Hospital Capacity Management Consortium has launched the Excellence in Hospital Capacity Management Award, a new recognition honoring hospital leaders who demonstrate exceptional strategic leadership and operational excellence in managing capacit"
2026-05-15 15:14,AHA,"Working Together for Accessible, Affordable Care",https://www.aha.org/news/perspective/2026-03-20-working-together-accessible-affordable-care,"The article discusses the rising cost of healthcare without describing a specific named facility's disruption or breach. It mentions hospitals' efforts to increase efficiencies, adopt innovative technologies, and improve care coordination programs but does not mention any current disruptions or confirmed breaches.","From birth to death, from critical injuries to elective surgeries, from crisis and disaster to community food banks and health improvement initiatives — Americans turn to their hospitals and health systems. The blue-and-white “H” sign we see on the s"
2026-05-15 15:14,AHA,Former AHA Chair John Haupert to retire,https://www.aha.org/news/headline/2026-03-19-former-aha-chair-john-haupert-retire,Former AHA Chair John Haupert to retire; no disruption reported.,"Former AHA Board Chair John Haupert, president and CEO of Grady Health System in Atlanta, will retire at the end of this year, the health system announced March 18 as part of a planned leadership transition. Anthony Saul, the current chief operating "
2026-05-15 15:14,AHA,"Premature menopause raises risk of heart disease, study says",https://www.aha.org/news/headline/2026-03-19-premature-menopause-raises-risk-heart-disease-study-says,"This article reports on a study finding a correlation between premature menopause and an increased risk of heart disease, but does not describe a healthcare disruption or breach at a named entity.",A JAMA study published March 18 found that women who experience premature menopause have a 40% higher lifetime risk of coronary heart disease. Approximately 15% of Black women in the study experienced premature menopause compared to about 5% of white
2026-05-15 15:14,AHA,"Study estimates more than 155,000 uncounted COVID-19 deaths occurred early during pandemic",https://www.aha.org/news/headline/2026-03-19-study-estimates-more-155000-uncounted-covid-19-deaths-occurred-early-during-pandemic,"A study published by Science Advances estimated that more than 155,000 U.S. COVID-19 deaths were uncounted during the pandemic, but this does not describe an actual care stoppage or disruption at a named healthcare entity.","A study published March 18 by Science Advances estimated that more than 155,000 U.S. COVID-19 deaths were uncounted during the COVID-19 pandemic. Researchers used artificial intelligence to examine death certificates from March 2020 to December 2021 "
2026-05-15 15:14,AHA,"Current flu vaccine found to be 30% effective in reducing adult hospitalizations, 41% for children",https://www.aha.org/news/headline/2026-03-19-current-flu-vaccine-found-be-30-effective-reducing-adult-hospitalizations-41-children,"The Centers for Disease Control and Prevention released a report on the effectiveness of the flu vaccine for the 2025-2026 flu season, but it does not describe a confirmed cyberattack, breach, PHI exposure, drug shortage, device shortage, evacuation, or care stoppage at a named healthcare entity.","The Centers for Disease Control and Prevention released a report March 12 on the effectiveness of the flu vaccine for the 2025-2026 flu season, finding that it reduced the risk of medical visits 22%-34% and hospitalizations by 30% for all adults. Eff"
2026-05-15 15:14,AHA,"CMS accepting comments on data collection requirements for Medicare Advantage plans, Part D sponsors",https://www.aha.org/news/headline/2026-03-19-cms-accepting-comments-data-collection-requirements-medicare-advantage-plans-part-d-sponsors,CMS is seeking comments on proposed revisions to data collection requirements for Medicare Advantage and Part D plans; no disruption or breach reported.,"The Centers for Medicare & Medicaid Services is seeking comments by May 11 on its proposed revisions to data reporting requirements for Medicare Advantage and Part D plans, according to a Paperwork Reduction Act listing . Among the updates for contra"
2026-05-15 15:14,AHA,Report: Cigarette smoking rate drops to record low 9.9%,https://www.aha.org/news/headline/2026-03-18-report-cigarette-smoking-rate-drops-record-low-99,"The cigarette smoking rate among U.S. adults dropped to a record low in 2024, but this change does not indicate a disruption in healthcare operations.","The cigarette smoking rate among U.S. adults dropped to 9.9% in 2024, the lowest level ever recorded, according to a report by the New England Journal of Medicine. The report analyzed 2023-2024 National Health Interview Survey data and found that the"
2026-05-15 15:14,AHA,Coalition ad spotlights harmful corporate insurer policies driving up health care costs,https://www.aha.org/news/headline/2026-03-18-coalition-ad-spotlights-harmful-corporate-insurer-policies-driving-health-care-costs,"The article describes harmful corporate insurer policies driving up health care costs, but does not mention any named healthcare entity experiencing a disruption or breach.","The Coalition to Strengthen America’s Healthcare March 18 launched a new ad highlighting harmful practices by large corporate health insurers that drive up health care costs and create barriers to care. The ad, titled Nightly News, shares how coverag"
2026-05-15 15:14,AHA,"At House hearing, AHA shares solutions to make health care more affordable",https://www.aha.org/news/headline/2026-03-18-house-hearing-aha-shares-solutions-make-health-care-more-affordable,"NO, this article discusses healthcare affordability efforts without a confirmed disruption or breach at a named healthcare entity.","America’s hospitals and health systems are deeply committed to providing high-quality, accessible and affordable care, AHA President and CEO Rick Pollack March 18 t old the House Committee on Energy and Commerce Subcommittee on Health during a hearin"
2026-05-15 15:15,AHA,Study finds GLP-1 drugs can help curb SUDs,https://www.aha.org/news/headline/2026-03-17-study-finds-glp-1-drugs-can-help-curb-suds,This article does not describe a confirmed healthcare disruption or breach at a named healthcare entity. It discusses the potential benefits of GLP-1 drugs in reducing substance use disorders.,"A s tudy published by BMJ found that glucagon-like peptide-1 (GLP-1) drugs could help reduce the risk of various substance use disorders, including for alcohol, cannabis, nicotine, cocaine and opioids. The study examined records of more than 600,000 "
2026-05-15 15:15,AHA,"House bill would exempt health care workers from $100,000 H-1B visa filing fee",https://www.aha.org/news/headline/2026-03-17-house-bill-would-exempt-health-care-workers-100000-h-1b-visa-filing-fee,"This article does not describe a confirmed healthcare disruption or breach at a named healthcare entity. It discusses proposed legislation that may impact H-1B visa fees for healthcare workers, but no actual disruption or breach is reported.","House lawmakers March 17 introduced the Physicians and the Healthcare Workforce Act , a bipartisan bill that would exempt foreign-trained health care workers from the $100,000 H-1B visa filing fee established by a presidential proclamation in Septemb"
2026-05-15 15:15,AHA,AHA advertorial highlights how hospitals serve communities,https://www.aha.org/news/headline/2026-03-17-aha-advertorial-highlights-how-hospitals-serve-communities,This article does not describe a confirmed healthcare disruption or breach at a named healthcare entity. It discusses challenges faced by hospitals and the need for collaboration to improve the healthcare system.,"“Hospitals are the heart of communities across America for one fundamental reason: They support patients whenever, wherever and however they need care,” writes AHA President and CEO Rick Pollack in an advertorial published March 17 in The Wall Street"
2026-05-15 15:15,AHA,AHA responds to RFI on diagnostic imaging interoperability from ASTP/ONC,https://www.aha.org/news/headline/2026-03-16-aha-responds-rfi-diagnostic-imaging-interoperability-astponc,"The AHA responded to a request for information on diagnostic imaging interoperability from ASTP/ONC, expressing support for the agency's efforts but not describing an actual operational disruption or breach.",The AHA March 16 responded to a request for information on diagnostic imaging interoperability from the Assistant Secretary for Health Information Technology/Office of the National Coordinator for Health Information Technology. The AHA expressed supp
2026-05-15 15:15,AHA,CMS announces centralized platform for managing independent dispute resolution operations,https://www.aha.org/news/headline/2026-03-16-cms-announces-centralized-platform-managing-independent-dispute-resolution-operations,CMS announces centralized platform for managing independent dispute resolution operations; no disruption reported.,The Centers for Medicare & Medicaid Services March 16 announced it will transition later this year to a new centralized platform for managing federal independent dispute resolution operations related to the No Surprises Act. CMS will move from single
2026-05-15 15:15,AHA,AHA launches new ad celebrating hospitals’ compassion and care,https://www.aha.org/news/headline/2026-03-16-aha-launches-new-ad-celebrating-hospitals-compassion-and-care,The AHA March 15 unveiled a new digital ad spotlighting hospitals and health systems as the place where compassion and medicine come together. This is not an operational disruption or breach.,"The AHA March 15 unveiled a new digital ad spotlighting hospitals and health systems as the place where compassion and medicine come together. “There’s one place where hope, healing and health can be found. Your local hospital,” the ad declares. The "
